dataset,prec_50,rec_50,f1_50,prec_60,rec_60,f1_60,prec_70,rec_70,f1_70,prec_80,rec_80,f1_80,prec_90,rec_90,f1_90,prec_100,rec_100,f1_100
SEIR015_sl1000_mr0125_nv10_1,0.921,0.959,0.94,0.93,0.904,0.917,0.923,0.822,0.87,0.921,0.795,0.853,0.914,0.726,0.809,0.914,0.726,0.809
SEIR015_sl1000_mr0125_nv10_10,0.882,0.789,0.833,0.882,0.789,0.833,0.938,0.789,0.857,0.938,0.789,0.857,0.938,0.789,0.857,0.938,0.789,0.857
SEIR015_sl1000_mr0125_nv10_11,0.692,0.692,0.692,0.75,0.692,0.72,0.818,0.692,0.75,0.818,0.692,0.75,0.818,0.692,0.75,0.9,0.692,0.783
SEIR015_sl1000_mr0125_nv10_12,0.857,0.857,0.857,0.857,0.857,0.857,0.833,0.714,0.769,0.818,0.643,0.72,0.818,0.643,0.72,0.818,0.643,0.72
SEIR015_sl1000_mr0125_nv10_13,0.96,0.96,0.96,0.96,0.96,0.96,0.978,0.9,0.938,0.976,0.8,0.879,0.974,0.76,0.854,0.974,0.76,0.854
SEIR015_sl1000_mr0125_nv10_14,0.737,0.808,0.771,0.764,0.808,0.785,0.759,0.788,0.774,0.765,0.75,0.757,0.771,0.712,0.74,0.771,0.712,0.74
SEIR015_sl1000_mr0125_nv10_15,0.674,0.689,0.681,0.674,0.689,0.681,0.674,0.644,0.659,0.667,0.533,0.593,0.676,0.511,0.582,0.719,0.511,0.597
SEIR015_sl1000_mr0125_nv10_16,0.729,0.81,0.767,0.735,0.794,0.763,0.754,0.778,0.766,0.738,0.714,0.726,0.763,0.714,0.738,0.763,0.714,0.738
SEIR015_sl1000_mr0125_nv10_17,0.606,0.769,0.678,0.625,0.769,0.69,0.679,0.731,0.704,0.679,0.731,0.704,0.679,0.731,0.704,0.654,0.654,0.654
SEIR015_sl1000_mr0125_nv10_18,0.636,0.7,0.667,0.636,0.7,0.667,0.636,0.7,0.667,0.7,0.7,0.7,0.7,0.7,0.7,0.7,0.7,0.7
SEIR015_sl1000_mr0125_nv10_19,0.621,0.581,0.6,0.643,0.581,0.61,0.692,0.581,0.632,0.818,0.581,0.679,0.8,0.516,0.627,0.842,0.516,0.64
SEIR015_sl1000_mr0125_nv10_2,0.857,0.75,0.8,0.857,0.75,0.8,0.909,0.625,0.741,0.909,0.625,0.741,0.909,0.625,0.741,0.909,0.625,0.741
SEIR015_sl1000_mr0125_nv10_20,0.857,0.878,0.867,0.857,0.878,0.867,0.857,0.878,0.867,0.889,0.78,0.831,0.939,0.756,0.838,0.939,0.756,0.838
SEIR015_sl1000_mr0125_nv10_3,0.727,0.889,0.8,0.7,0.778,0.737,0.7,0.778,0.737,0.778,0.778,0.778,0.778,0.778,0.778,0.778,0.778,0.778
SEIR015_sl1000_mr0125_nv10_4,0.8,0.8,0.8,0.8,0.8,0.8,0.8,0.8,0.8,1,0.8,0.889,1,0.8,0.889,1,0.8,0.889
SEIR015_sl1000_mr0125_nv10_5,0.816,0.608,0.697,0.824,0.549,0.659,0.806,0.49,0.61,0.769,0.392,0.519,0.714,0.294,0.417,0.714,0.294,0.417
SEIR015_sl1000_mr0125_nv10_6,0.917,0.943,0.93,0.912,0.886,0.899,0.9,0.771,0.831,0.889,0.686,0.774,0.889,0.686,0.774,0.875,0.6,0.712
SEIR015_sl1000_mr0125_nv10_7,0.729,0.75,0.739,0.75,0.75,0.75,0.761,0.75,0.756,0.857,0.706,0.774,0.854,0.603,0.707,0.854,0.603,0.707
SEIR015_sl1000_mr0125_nv10_8,0.619,0.722,0.667,0.611,0.611,0.611,0.588,0.556,0.571,0.727,0.444,0.552,0.727,0.444,0.552,0.727,0.444,0.552
SEIR015_sl1000_mr0125_nv10_9,0.476,0.476,0.476,0.526,0.476,0.5,0.529,0.429,0.474,0.529,0.429,0.474,0.562,0.429,0.486,0.562,0.429,0.486
SEIR015_sl1000_mr025_nv10_1,0.8,0.8,0.8,0.8,0.8,0.8,0.8,0.8,0.8,0.889,0.8,0.842,0.889,0.8,0.842,0.889,0.8,0.842
SEIR015_sl1000_mr025_nv10_10,0.909,0.909,0.909,0.909,0.909,0.909,0.909,0.909,0.909,0.909,0.909,0.909,0.889,0.727,0.8,0.889,0.727,0.8
SEIR015_sl1000_mr025_nv10_11,0.873,0.857,0.865,0.86,0.768,0.811,0.894,0.75,0.816,0.884,0.679,0.768,0.881,0.661,0.755,0.881,0.661,0.755
SEIR015_sl1000_mr025_nv10_12,0.769,1,0.87,0.769,1,0.87,0.769,1,0.87,0.75,0.9,0.818,0.7,0.7,0.7,0.7,0.7,0.7
SEIR015_sl1000_mr025_nv10_13,0.333,0.4,0.364,0.364,0.4,0.381,0.364,0.4,0.381,0.5,0.4,0.444,0.5,0.4,0.444,0.5,0.4,0.444
SEIR015_sl1000_mr025_nv10_14,0.69,0.8,0.741,0.69,0.8,0.741,0.714,0.8,0.755,0.708,0.68,0.694,0.708,0.68,0.694,0.696,0.64,0.667
SEIR015_sl1000_mr025_nv10_15,0.588,0.69,0.635,0.597,0.638,0.617,0.576,0.586,0.581,0.547,0.5,0.523,0.529,0.466,0.495,0.543,0.431,0.481
SEIR015_sl1000_mr025_nv10_16,0.625,0.714,0.667,0.625,0.714,0.667,0.667,0.714,0.69,0.667,0.714,0.69,0.667,0.714,0.69,0.667,0.714,0.69
SEIR015_sl1000_mr025_nv10_17,0.821,0.842,0.831,0.821,0.842,0.831,0.829,0.763,0.795,0.818,0.711,0.761,0.812,0.684,0.743,0.812,0.684,0.743
SEIR015_sl1000_mr025_nv10_18,0.73,0.73,0.73,0.75,0.73,0.74,0.75,0.73,0.74,0.794,0.73,0.761,0.806,0.676,0.735,0.857,0.649,0.738
SEIR015_sl1000_mr025_nv10_19,0.773,0.895,0.829,0.773,0.895,0.829,0.81,0.895,0.85,0.778,0.737,0.757,0.778,0.737,0.757,0.75,0.632,0.686
SEIR015_sl1000_mr025_nv10_2,0.842,0.857,0.85,0.852,0.821,0.836,0.86,0.768,0.811,0.867,0.696,0.772,0.857,0.643,0.735,0.846,0.589,0.695
SEIR015_sl1000_mr025_nv10_20,0.6,0.75,0.667,0.6,0.75,0.667,0.6,0.75,0.667,0.6,0.75,0.667,0.556,0.625,0.588,0.556,0.625,0.588
SEIR015_sl1000_mr025_nv10_3,0.918,0.978,0.947,0.913,0.913,0.913,0.927,0.826,0.874,0.927,0.826,0.874,0.927,0.826,0.874,0.927,0.826,0.874
SEIR015_sl1000_mr025_nv10_4,0.708,0.773,0.739,0.708,0.773,0.739,0.723,0.773,0.747,0.75,0.682,0.714,0.744,0.659,0.699,0.763,0.659,0.707
SEIR015_sl1000_mr025_nv10_5,0.854,0.854,0.854,0.87,0.833,0.851,0.87,0.833,0.851,0.889,0.833,0.86,0.875,0.729,0.795,0.897,0.729,0.805
SEIR015_sl1000_mr025_nv10_6,0.826,0.826,0.826,0.864,0.826,0.844,0.857,0.783,0.818,0.85,0.739,0.791,0.85,0.739,0.791,0.861,0.674,0.756
SEIR015_sl1000_mr025_nv10_7,0.889,0.889,0.889,0.889,0.889,0.889,0.889,0.889,0.889,0.889,0.889,0.889,0.889,0.889,0.889,0.889,0.889,0.889
SEIR015_sl1000_mr025_nv10_8,0.944,0.85,0.895,1,0.8,0.889,1,0.8,0.889,1,0.8,0.889,1,0.8,0.889,1,0.8,0.889
SEIR015_sl1000_mr025_nv10_9,0.931,0.964,0.947,0.944,0.911,0.927,0.961,0.875,0.916,0.961,0.875,0.916,0.958,0.821,0.885,0.958,0.821,0.885
SEIR015_sl1000_mr025_nv20_1,0.667,0.667,0.667,0.714,0.667,0.69,0.833,0.667,0.741,0.818,0.6,0.692,0.818,0.6,0.692,0.818,0.6,0.692
SEIR015_sl1000_mr025_nv20_10,0.7,0.778,0.737,0.7,0.778,0.737,0.7,0.778,0.737,0.7,0.778,0.737,0.7,0.778,0.737,0.7,0.778,0.737
SEIR015_sl1000_mr025_nv20_11,0.857,0.923,0.889,0.857,0.923,0.889,0.857,0.923,0.889,0.857,0.923,0.889,0.833,0.769,0.8,0.833,0.769,0.8
SEIR015_sl1000_mr025_nv20_12,0.48,0.6,0.533,0.5,0.6,0.545,0.5,0.6,0.545,0.6,0.6,0.6,0.706,0.6,0.649,0.706,0.6,0.649
SEIR015_sl1000_mr025_nv20_13,0.538,0.778,0.636,0.538,0.778,0.636,0.538,0.778,0.636,0.538,0.778,0.636,0.538,0.778,0.636,0.538,0.778,0.636
SEIR015_sl1000_mr025_nv20_14,0.909,0.909,0.909,0.909,0.909,0.909,0.9,0.818,0.857,0.889,0.727,0.8,0.889,0.727,0.8,0.889,0.727,0.8
SEIR015_sl1000_mr025_nv20_15,0.581,0.75,0.655,0.581,0.75,0.655,0.667,0.75,0.706,0.667,0.75,0.706,0.72,0.75,0.735,0.72,0.75,0.735
SEIR015_sl1000_mr025_nv20_16,0.871,0.9,0.885,0.871,0.9,0.885,0.871,0.9,0.885,0.871,0.9,0.885,0.871,0.9,0.885,0.862,0.833,0.847
SEIR015_sl1000_mr025_nv20_17,0.833,0.893,0.862,0.86,0.875,0.867,0.86,0.875,0.867,0.86,0.875,0.867,0.855,0.839,0.847,0.846,0.786,0.815
SEIR015_sl1000_mr025_nv20_18,0.596,0.718,0.651,0.609,0.718,0.659,0.628,0.692,0.659,0.643,0.692,0.667,0.643,0.692,0.667,0.643,0.692,0.667
SEIR015_sl1000_mr025_nv20_19,0.462,0.545,0.5,0.6,0.545,0.571,0.6,0.545,0.571,0.6,0.545,0.571,0.6,0.545,0.571,0.6,0.545,0.571
SEIR015_sl1000_mr025_nv20_2,0.846,0.88,0.863,0.846,0.88,0.863,0.846,0.88,0.863,0.846,0.88,0.863,0.917,0.88,0.898,0.917,0.88,0.898
SEIR015_sl1000_mr025_nv20_20,0.684,0.684,0.684,0.684,0.684,0.684,0.706,0.632,0.667,0.706,0.632,0.667,0.667,0.526,0.588,0.667,0.526,0.588
SEIR015_sl1000_mr025_nv20_3,0.616,0.682,0.647,0.652,0.652,0.652,0.661,0.621,0.641,0.667,0.606,0.635,0.661,0.591,0.624,0.672,0.591,0.629
SEIR015_sl1000_mr025_nv20_4,0.853,0.879,0.866,0.839,0.788,0.812,0.839,0.788,0.812,0.808,0.636,0.712,0.808,0.636,0.712,0.808,0.636,0.712
SEIR015_sl1000_mr025_nv20_5,0.949,0.949,0.949,0.949,0.949,0.949,0.949,0.949,0.949,0.949,0.949,0.949,0.943,0.846,0.892,0.943,0.846,0.892
SEIR015_sl1000_mr025_nv20_6,0.696,0.842,0.762,0.711,0.842,0.771,0.721,0.816,0.765,0.732,0.789,0.759,0.718,0.737,0.727,0.718,0.737,0.727
SEIR015_sl1000_mr025_nv20_7,0.917,0.917,0.917,0.914,0.889,0.901,0.938,0.833,0.882,0.968,0.833,0.896,1,0.778,0.875,1,0.778,0.875
SEIR015_sl1000_mr025_nv20_8,0.627,0.776,0.693,0.641,0.746,0.69,0.681,0.731,0.705,0.758,0.701,0.729,0.77,0.701,0.734,0.797,0.701,0.746
SEIR015_sl1000_mr025_nv20_9,0.611,0.611,0.611,0.611,0.611,0.611,0.533,0.444,0.485,0.615,0.444,0.516,0.875,0.389,0.538,0.875,0.389,0.538
SEIR015_sl1000_mr025_nv5_1,0.615,0.571,0.593,0.8,0.571,0.667,0.875,0.5,0.636,0.875,0.5,0.636,0.875,0.5,0.636,0.875,0.5,0.636
SEIR015_sl1000_mr025_nv5_10,0.737,0.778,0.757,0.757,0.778,0.767,0.75,0.75,0.75,0.743,0.722,0.732,0.743,0.722,0.732,0.758,0.694,0.725
SEIR015_sl1000_mr025_nv5_11,0.636,0.596,0.615,0.641,0.532,0.581,0.667,0.511,0.578,0.667,0.511,0.578,0.667,0.511,0.578,0.676,0.489,0.568
SEIR015_sl1000_mr025_nv5_12,0.375,0.273,0.316,0.429,0.273,0.333,0.429,0.273,0.333,0.429,0.273,0.333,0.429,0.273,0.333,0.429,0.273,0.333
SEIR015_sl1000_mr025_nv5_13,0.964,0.871,0.915,0.96,0.774,0.857,0.957,0.71,0.815,0.957,0.71,0.815,1,0.71,0.83,1,0.71,0.83
SEIR015_sl1000_mr025_nv5_14,0.611,0.733,0.667,0.611,0.733,0.667,0.714,0.667,0.69,0.692,0.6,0.643,0.692,0.6,0.643,0.692,0.6,0.643
SEIR015_sl1000_mr025_nv5_15,0.703,0.692,0.698,0.714,0.692,0.703,0.754,0.662,0.705,0.759,0.631,0.689,0.78,0.6,0.678,0.796,0.6,0.684
SEIR015_sl1000_mr025_nv5_16,0.95,0.731,0.826,0.95,0.731,0.826,0.95,0.731,0.826,1,0.731,0.844,1,0.731,0.844,1,0.731,0.844
SEIR015_sl1000_mr025_nv5_17,0.905,0.927,0.916,0.905,0.927,0.916,0.889,0.78,0.831,0.882,0.732,0.8,0.882,0.732,0.8,0.882,0.732,0.8
SEIR015_sl1000_mr025_nv5_18,0.708,0.618,0.66,0.739,0.618,0.673,0.81,0.618,0.701,0.842,0.582,0.688,0.842,0.582,0.688,0.865,0.582,0.696
SEIR015_sl1000_mr025_nv5_19,0.389,0.636,0.483,0.438,0.636,0.519,0.5,0.545,0.522,0.5,0.545,0.522,0.5,0.545,0.522,0.5,0.545,0.522
SEIR015_sl1000_mr025_nv5_2,1,0.889,0.941,1,0.889,0.941,1,0.889,0.941,1,0.667,0.8,1,0.667,0.8,1,0.667,0.8
SEIR015_sl1000_mr025_nv5_20,0.61,0.61,0.61,0.676,0.61,0.641,0.694,0.61,0.649,0.677,0.512,0.583,0.677,0.512,0.583,0.679,0.463,0.551
SEIR015_sl1000_mr025_nv5_3,0.682,0.556,0.612,0.682,0.556,0.612,0.789,0.556,0.652,0.778,0.519,0.622,0.824,0.519,0.636,0.875,0.519,0.651
SEIR015_sl1000_mr025_nv5_4,0.689,0.62,0.653,0.721,0.62,0.667,0.732,0.6,0.659,0.718,0.56,0.629,0.718,0.56,0.629,0.718,0.56,0.629
SEIR015_sl1000_mr025_nv5_5,0.706,0.571,0.632,0.706,0.571,0.632,0.688,0.524,0.595,0.667,0.381,0.485,0.667,0.381,0.485,0.667,0.381,0.485
SEIR015_sl1000_mr025_nv5_6,0.604,0.516,0.557,0.612,0.484,0.541,0.625,0.484,0.545,0.619,0.419,0.5,0.703,0.419,0.525,0.703,0.419,0.525
SEIR015_sl1000_mr025_nv5_7,0.846,0.846,0.846,0.846,0.846,0.846,0.846,0.846,0.846,0.833,0.769,0.8,0.8,0.615,0.696,0.8,0.615,0.696
SEIR015_sl1000_mr025_nv5_8,0.783,0.783,0.783,0.762,0.696,0.727,0.8,0.696,0.744,0.765,0.565,0.65,0.765,0.565,0.65,0.765,0.565,0.65
SEIR015_sl1000_mr025_nv5_9,0.632,0.6,0.615,0.667,0.55,0.603,0.688,0.55,0.611,0.677,0.525,0.592,0.677,0.525,0.592,0.7,0.525,0.6
SEIR015_sl1000_mr05_nv10_1,0.75,0.882,0.811,0.722,0.765,0.743,0.722,0.765,0.743,0.688,0.647,0.667,0.667,0.588,0.625,0.667,0.588,0.625
SEIR015_sl1000_mr05_nv10_10,0.8,0.889,0.842,0.8,0.889,0.842,0.8,0.889,0.842,0.8,0.889,0.842,0.8,0.889,0.842,0.8,0.889,0.842
SEIR015_sl1000_mr05_nv10_11,0.333,0.375,0.353,0.375,0.375,0.375,0.375,0.375,0.375,0.375,0.375,0.375,0.375,0.375,0.375,0.429,0.375,0.4
SEIR015_sl1000_mr05_nv10_12,0.727,1,0.842,0.727,1,0.842,0.727,1,0.842,0.727,1,0.842,0.727,1,0.842,0.727,1,0.842
SEIR015_sl1000_mr05_nv10_13,0.918,0.918,0.918,0.945,0.852,0.897,0.944,0.836,0.887,0.941,0.787,0.857,0.941,0.787,0.857,0.941,0.787,0.857
SEIR015_sl1000_mr05_nv10_14,0.74,0.804,0.771,0.755,0.804,0.779,0.778,0.761,0.769,0.8,0.696,0.744,0.8,0.609,0.691,0.828,0.522,0.64
SEIR015_sl1000_mr05_nv10_15,0.75,0.818,0.783,0.7,0.636,0.667,0.7,0.636,0.667,0.625,0.455,0.526,0.625,0.455,0.526,0.625,0.455,0.526
SEIR015_sl1000_mr05_nv10_16,0.809,0.927,0.864,0.826,0.927,0.874,0.826,0.927,0.874,0.837,0.878,0.857,0.872,0.829,0.85,0.872,0.829,0.85
SEIR015_sl1000_mr05_nv10_17,0.779,0.87,0.822,0.789,0.812,0.8,0.797,0.797,0.797,0.797,0.739,0.767,0.8,0.696,0.744,0.793,0.667,0.724
SEIR015_sl1000_mr05_nv10_18,0.773,0.829,0.8,0.791,0.829,0.81,0.791,0.829,0.81,0.786,0.805,0.795,0.775,0.756,0.765,0.775,0.756,0.765
SEIR015_sl1000_mr05_nv10_19,0.784,0.906,0.841,0.8,0.875,0.836,0.794,0.844,0.818,0.862,0.781,0.82,0.852,0.719,0.78,0.852,0.719,0.78
SEIR015_sl1000_mr05_nv10_2,0.886,0.738,0.805,0.882,0.714,0.789,0.909,0.714,0.8,0.909,0.714,0.8,0.903,0.667,0.767,0.897,0.619,0.732
SEIR015_sl1000_mr05_nv10_20,0.404,0.463,0.432,0.404,0.463,0.432,0.342,0.317,0.329,0.353,0.293,0.32,0.355,0.268,0.306,0.407,0.268,0.324
SEIR015_sl1000_mr05_nv10_3,0.81,0.839,0.825,0.839,0.839,0.839,0.87,0.839,0.855,0.882,0.804,0.841,0.882,0.804,0.841,0.9,0.804,0.849
SEIR015_sl1000_mr05_nv10_4,0.6,0.656,0.627,0.6,0.656,0.627,0.618,0.656,0.636,0.594,0.594,0.594,0.594,0.594,0.594,0.613,0.594,0.603
SEIR015_sl1000_mr05_nv10_5,0.818,0.818,0.818,0.818,0.818,0.818,0.818,0.818,0.818,0.778,0.636,0.7,0.778,0.636,0.7,0.778,0.636,0.7
SEIR015_sl1000_mr05_nv10_6,0.871,0.9,0.885,0.84,0.7,0.764,0.833,0.667,0.741,0.833,0.667,0.741,0.833,0.667,0.741,0.818,0.6,0.692
SEIR015_sl1000_mr05_nv10_7,0.476,0.769,0.588,0.474,0.692,0.562,0.474,0.692,0.562,0.529,0.692,0.6,0.5,0.615,0.552,0.533,0.615,0.571
SEIR015_sl1000_mr05_nv10_8,0.795,0.861,0.827,0.806,0.806,0.806,0.794,0.75,0.771,0.812,0.722,0.765,0.812,0.722,0.765,0.812,0.722,0.765
SEIR015_sl1000_mr05_nv10_9,0.812,0.867,0.839,0.8,0.8,0.8,0.857,0.8,0.828,0.917,0.733,0.815,0.917,0.733,0.815,0.917,0.733,0.815
SEIR015_sl250_mr025_nv10_1,0.538,0.824,0.651,0.538,0.824,0.651,0.538,0.824,0.651,0.538,0.824,0.651,0.542,0.765,0.634,0.542,0.765,0.634
SEIR015_sl250_mr025_nv10_10,0.405,0.542,0.464,0.451,0.542,0.492,0.433,0.492,0.46,0.475,0.475,0.475,0.464,0.441,0.452,0.464,0.441,0.452
SEIR015_sl250_mr025_nv10_11,0.476,0.588,0.526,0.475,0.559,0.514,0.474,0.529,0.5,0.472,0.5,0.486,0.5,0.5,0.5,0.5,0.5,0.5
SEIR015_sl250_mr025_nv10_12,0.411,0.698,0.517,0.414,0.674,0.513,0.446,0.674,0.537,0.468,0.674,0.552,0.475,0.674,0.558,0.475,0.674,0.558
SEIR015_sl250_mr025_nv10_13,0.706,0.75,0.727,0.786,0.688,0.733,0.786,0.688,0.733,0.786,0.688,0.733,0.786,0.688,0.733,0.786,0.688,0.733
SEIR015_sl250_mr025_nv10_14,0.349,0.6,0.441,0.357,0.6,0.448,0.342,0.52,0.413,0.342,0.52,0.413,0.333,0.48,0.393,0.314,0.44,0.367
SEIR015_sl250_mr025_nv10_15,0.774,0.837,0.804,0.76,0.776,0.768,0.76,0.776,0.768,0.76,0.776,0.768,0.76,0.776,0.768,0.76,0.776,0.768
SEIR015_sl250_mr025_nv10_16,0.161,0.333,0.217,0.163,0.296,0.211,0.178,0.296,0.222,0.178,0.296,0.222,0.182,0.296,0.225,0.182,0.296,0.225
SEIR015_sl250_mr025_nv10_17,0.8,0.667,0.727,0.8,0.667,0.727,0.778,0.583,0.667,0.714,0.417,0.526,0.714,0.417,0.526,0.714,0.417,0.526
SEIR015_sl250_mr025_nv10_18,0.471,0.727,0.571,0.471,0.727,0.571,0.471,0.727,0.571,0.471,0.727,0.571,0.471,0.727,0.571,0.471,0.727,0.571
SEIR015_sl250_mr025_nv10_19,0.523,0.622,0.568,0.548,0.622,0.582,0.594,0.514,0.551,0.594,0.514,0.551,0.586,0.459,0.515,0.556,0.405,0.469
SEIR015_sl250_mr025_nv10_2,0.258,0.364,0.302,0.296,0.364,0.327,0.28,0.318,0.298,0.182,0.182,0.182,0.182,0.182,0.182,0.182,0.182,0.182
SEIR015_sl250_mr025_nv10_20,0.659,0.818,0.73,0.65,0.788,0.712,0.667,0.788,0.722,0.667,0.788,0.722,0.658,0.758,0.704,0.676,0.758,0.714
SEIR015_sl250_mr025_nv10_3,0.545,0.8,0.649,0.571,0.8,0.667,0.571,0.8,0.667,0.571,0.8,0.667,0.571,0.8,0.667,0.571,0.8,0.667
SEIR015_sl250_mr025_nv10_4,0.692,0.72,0.706,0.692,0.72,0.706,0.692,0.72,0.706,0.692,0.72,0.706,0.692,0.72,0.706,0.692,0.72,0.706
SEIR015_sl250_mr025_nv10_5,0.556,0.625,0.588,0.556,0.625,0.588,0.556,0.625,0.588,0.556,0.625,0.588,0.556,0.625,0.588,0.556,0.625,0.588
SEIR015_sl250_mr025_nv10_6,0.684,0.743,0.712,0.684,0.743,0.712,0.684,0.743,0.712,0.684,0.743,0.712,0.676,0.714,0.694,0.657,0.657,0.657
SEIR015_sl250_mr025_nv10_7,0.333,0.375,0.353,0.333,0.375,0.353,0.333,0.375,0.353,0.333,0.375,0.353,0.333,0.375,0.353,0.333,0.375,0.353
SEIR015_sl250_mr025_nv10_8,0.793,0.852,0.821,0.793,0.852,0.821,0.793,0.852,0.821,0.778,0.778,0.778,0.76,0.704,0.731,0.76,0.704,0.731
SEIR015_sl250_mr025_nv10_9,0.474,0.6,0.529,0.474,0.6,0.529,0.5,0.6,0.545,0.562,0.6,0.581,0.636,0.467,0.538,0.636,0.467,0.538
SEIR015_sl500_mr025_nv10_1,0.667,0.8,0.727,0.667,0.8,0.727,0.667,0.8,0.727,0.667,0.8,0.727,0.667,0.8,0.727,0.667,0.8,0.727
SEIR015_sl500_mr025_nv10_10,0.911,0.953,0.932,0.911,0.953,0.932,0.909,0.93,0.92,0.897,0.814,0.854,0.897,0.814,0.854,0.897,0.814,0.854
SEIR015_sl500_mr025_nv10_11,0.364,0.5,0.421,0.364,0.5,0.421,0.364,0.5,0.421,0.4,0.5,0.444,0.4,0.5,0.444,0.5,0.5,0.5
SEIR015_sl500_mr025_nv10_12,0.678,0.755,0.714,0.684,0.736,0.709,0.685,0.698,0.692,0.739,0.642,0.687,0.762,0.604,0.674,0.75,0.566,0.645
SEIR015_sl500_mr025_nv10_13,0.538,0.75,0.627,0.514,0.643,0.571,0.485,0.571,0.525,0.485,0.571,0.525,0.552,0.571,0.561,0.552,0.571,0.561
SEIR015_sl500_mr025_nv10_14,0.8,0.889,0.842,0.8,0.889,0.842,0.8,0.889,0.842,0.8,0.889,0.842,1,0.889,0.941,1,0.889,0.941
SEIR015_sl500_mr025_nv10_15,0.803,0.845,0.824,0.845,0.845,0.845,0.842,0.828,0.835,0.852,0.793,0.821,0.852,0.793,0.821,0.84,0.724,0.778
SEIR015_sl500_mr025_nv10_16,0.714,0.833,0.769,0.714,0.833,0.769,0.667,0.667,0.667,0.667,0.667,0.667,0.667,0.667,0.667,0.667,0.667,0.667
SEIR015_sl500_mr025_nv10_17,0.632,0.857,0.727,0.632,0.857,0.727,0.632,0.857,0.727,0.667,0.857,0.75,0.667,0.857,0.75,0.667,0.857,0.75
SEIR015_sl500_mr025_nv10_18,0.667,0.692,0.679,0.696,0.615,0.653,0.684,0.5,0.578,0.684,0.5,0.578,0.625,0.385,0.476,0.667,0.385,0.488
SEIR015_sl500_mr025_nv10_19,0.727,0.8,0.762,0.727,0.8,0.762,0.727,0.8,0.762,0.7,0.7,0.7,0.7,0.7,0.7,0.875,0.7,0.778
SEIR015_sl500_mr025_nv10_2,0.625,0.625,0.625,0.625,0.625,0.625,0.625,0.625,0.625,0.625,0.625,0.625,0.625,0.625,0.625,0.625,0.625,0.625
SEIR015_sl500_mr025_nv10_20,0.714,0.781,0.746,0.742,0.766,0.754,0.766,0.766,0.766,0.804,0.703,0.75,0.796,0.672,0.729,0.796,0.672,0.729
SEIR015_sl500_mr025_nv10_3,0.757,0.757,0.757,0.75,0.73,0.74,0.771,0.73,0.75,0.771,0.73,0.75,0.758,0.676,0.714,0.758,0.676,0.714
SEIR015_sl500_mr025_nv10_4,0.367,0.439,0.4,0.383,0.439,0.409,0.409,0.439,0.424,0.405,0.415,0.41,0.415,0.415,0.415,0.415,0.415,0.415
SEIR015_sl500_mr025_nv10_5,0.933,1,0.966,0.933,1,0.966,0.933,1,0.966,0.933,1,0.966,0.933,1,0.966,0.933,1,0.966
SEIR015_sl500_mr025_nv10_6,0.75,0.789,0.769,0.75,0.789,0.769,0.75,0.789,0.769,0.75,0.789,0.769,0.75,0.789,0.769,0.75,0.789,0.769
SEIR015_sl500_mr025_nv10_7,0.507,0.548,0.527,0.525,0.5,0.512,0.564,0.5,0.53,0.682,0.484,0.566,0.725,0.468,0.569,0.784,0.468,0.586
SEIR015_sl500_mr025_nv10_8,0.734,0.866,0.795,0.733,0.821,0.775,0.746,0.746,0.746,0.73,0.687,0.708,0.707,0.612,0.656,0.702,0.597,0.645
SEIR015_sl500_mr025_nv10_9,0.538,0.636,0.583,0.538,0.636,0.583,0.538,0.636,0.583,0.636,0.636,0.636,0.636,0.636,0.636,0.636,0.636,0.636
SEIR01_sl1000_mr0125_nv10_1,0.684,0.722,0.703,0.722,0.722,0.722,0.722,0.722,0.722,0.765,0.722,0.743,0.765,0.722,0.743,0.765,0.722,0.743
SEIR01_sl1000_mr0125_nv10_10,0.926,0.926,0.926,0.923,0.889,0.906,0.92,0.852,0.885,0.917,0.815,0.863,0.917,0.815,0.863,0.917,0.815,0.863
SEIR01_sl1000_mr0125_nv10_11,0.923,0.923,0.923,0.923,0.923,0.923,0.923,0.923,0.923,0.923,0.923,0.923,0.923,0.923,0.923,0.923,0.923,0.923
SEIR01_sl1000_mr0125_nv10_12,0.2,0.2,0.2,0.25,0.2,0.222,0.25,0.2,0.222,0.25,0.2,0.222,0.25,0.2,0.222,0.5,0.2,0.286
SEIR01_sl1000_mr0125_nv10_13,0.818,0.9,0.857,0.818,0.9,0.857,0.818,0.9,0.857,0.818,0.9,0.857,0.818,0.9,0.857,0.818,0.9,0.857
SEIR01_sl1000_mr0125_nv10_14,0.933,0.933,0.933,0.933,0.933,0.933,0.933,0.933,0.933,0.933,0.933,0.933,0.933,0.933,0.933,0.933,0.933,0.933
SEIR01_sl1000_mr0125_nv10_15,0.818,0.75,0.783,0.857,0.75,0.8,0.9,0.75,0.818,0.9,0.75,0.818,0.9,0.75,0.818,0.9,0.75,0.818
SEIR01_sl1000_mr0125_nv10_16,0.714,0.714,0.714,0.714,0.714,0.714,0.714,0.714,0.714,0.714,0.714,0.714,0.714,0.714,0.714,0.714,0.714,0.714
SEIR01_sl1000_mr0125_nv10_17,0.769,0.833,0.8,0.769,0.833,0.8,0.769,0.833,0.8,0.769,0.833,0.8,0.769,0.833,0.8,0.769,0.833,0.8
SEIR01_sl1000_mr0125_nv10_18,0.851,0.889,0.87,0.87,0.889,0.879,0.909,0.889,0.899,0.929,0.867,0.897,0.925,0.822,0.871,0.925,0.822,0.871
SEIR01_sl1000_mr0125_nv10_19,0.862,0.833,0.847,0.862,0.833,0.847,0.893,0.833,0.862,0.893,0.833,0.862,0.885,0.767,0.821,0.885,0.767,0.821
SEIR01_sl1000_mr0125_nv10_2,0.923,0.923,0.923,0.923,0.923,0.923,0.923,0.923,0.923,0.923,0.923,0.923,0.923,0.923,0.923,0.923,0.923,0.923
SEIR01_sl1000_mr0125_nv10_20,0.885,0.92,0.902,0.88,0.88,0.88,0.957,0.88,0.917,0.957,0.88,0.917,0.957,0.88,0.917,0.957,0.88,0.917
SEIR01_sl1000_mr0125_nv10_3,0.895,0.895,0.895,0.895,0.895,0.895,0.895,0.895,0.895,0.895,0.895,0.895,0.889,0.842,0.865,0.889,0.842,0.865
SEIR01_sl1000_mr0125_nv10_4,0.833,0.833,0.833,0.818,0.75,0.783,0.818,0.75,0.783,0.895,0.708,0.791,0.895,0.708,0.791,0.895,0.708,0.791
SEIR01_sl1000_mr0125_nv10_5,0.854,0.872,0.863,0.891,0.872,0.882,0.891,0.872,0.882,0.891,0.872,0.882,0.891,0.872,0.882,0.911,0.872,0.891
SEIR01_sl1000_mr0125_nv10_6,0.891,0.854,0.872,0.93,0.833,0.879,0.927,0.792,0.854,0.925,0.771,0.841,0.947,0.75,0.837,0.947,0.75,0.837
SEIR01_sl1000_mr0125_nv10_7,0.921,0.897,0.909,0.921,0.897,0.909,0.946,0.897,0.921,0.946,0.897,0.921,0.946,0.897,0.921,0.946,0.897,0.921
SEIR01_sl1000_mr0125_nv10_8,0.667,0.667,0.667,0.667,0.667,0.667,0.667,0.667,0.667,0.667,0.667,0.667,0.667,0.667,0.667,0.667,0.667,0.667
SEIR01_sl1000_mr0125_nv10_9,0.958,0.979,0.968,0.958,0.979,0.968,0.957,0.957,0.957,0.977,0.894,0.933,0.977,0.894,0.933,0.977,0.894,0.933
SEIR01_sl1000_mr025_nv10_1,0.897,0.929,0.912,0.893,0.893,0.893,0.893,0.893,0.893,0.889,0.857,0.873,0.885,0.821,0.852,0.885,0.821,0.852
SEIR01_sl1000_mr025_nv10_10,0.778,0.778,0.778,0.778,0.778,0.778,0.778,0.778,0.778,0.778,0.778,0.778,0.778,0.778,0.778,0.778,0.778,0.778
SEIR01_sl1000_mr025_nv10_11,0.861,0.886,0.873,0.861,0.886,0.873,0.886,0.886,0.886,0.879,0.829,0.853,0.879,0.829,0.853,0.879,0.829,0.853
SEIR01_sl1000_mr025_nv10_12,0.75,0.75,0.75,0.714,0.625,0.667,0.714,0.625,0.667,0.714,0.625,0.667,0.714,0.625,0.667,0.714,0.625,0.667
SEIR01_sl1000_mr025_nv10_13,0.8,0.8,0.8,0.833,0.75,0.789,0.833,0.75,0.789,0.824,0.7,0.757,0.824,0.7,0.757,0.8,0.6,0.686
SEIR01_sl1000_mr025_nv10_14,0.857,0.882,0.87,0.853,0.853,0.853,0.853,0.853,0.853,0.853,0.853,0.853,0.853,0.853,0.853,0.853,0.853,0.853
SEIR01_sl1000_mr025_nv10_15,0.8,0.8,0.8,0.8,0.8,0.8,0.8,0.8,0.8,0.8,0.8,0.8,0.8,0.8,0.8,0.8,0.8,0.8
SEIR01_sl1000_mr025_nv10_16,0.905,0.905,0.905,0.925,0.881,0.902,0.944,0.81,0.872,0.971,0.786,0.868,0.971,0.786,0.868,0.971,0.786,0.868
SEIR01_sl1000_mr025_nv10_17,0.689,0.689,0.689,0.738,0.689,0.713,0.806,0.644,0.716,0.824,0.622,0.709,0.824,0.622,0.709,0.824,0.622,0.709
SEIR01_sl1000_mr025_nv10_18,0.889,0.889,0.889,0.875,0.778,0.824,0.875,0.778,0.824,0.875,0.778,0.824,0.875,0.778,0.824,0.875,0.778,0.824
SEIR01_sl1000_mr025_nv10_19,0.847,0.847,0.847,0.845,0.831,0.838,0.842,0.814,0.828,0.882,0.763,0.818,0.88,0.746,0.807,0.88,0.746,0.807
SEIR01_sl1000_mr025_nv10_2,0.875,0.955,0.913,0.875,0.955,0.913,0.875,0.955,0.913,0.87,0.909,0.889,0.87,0.909,0.889,0.87,0.909,0.889
SEIR01_sl1000_mr025_nv10_20,0.824,0.824,0.824,0.824,0.824,0.824,0.824,0.824,0.824,0.812,0.765,0.788,0.812,0.765,0.788,0.812,0.765,0.788
SEIR01_sl1000_mr025_nv10_3,0.837,0.837,0.837,0.833,0.816,0.825,0.848,0.796,0.821,0.867,0.796,0.83,0.886,0.796,0.839,0.886,0.796,0.839
SEIR01_sl1000_mr025_nv10_4,0.887,0.904,0.895,0.885,0.885,0.885,0.92,0.885,0.902,0.935,0.827,0.878,0.932,0.788,0.854,0.93,0.769,0.842
SEIR01_sl1000_mr025_nv10_5,0.841,0.841,0.841,0.878,0.818,0.847,0.9,0.818,0.857,0.923,0.818,0.867,0.923,0.818,0.867,0.923,0.818,0.867
SEIR01_sl1000_mr025_nv10_6,0.857,0.857,0.857,0.857,0.857,0.857,0.833,0.714,0.769,0.833,0.714,0.769,0.833,0.714,0.769,0.833,0.714,0.769
SEIR01_sl1000_mr025_nv10_7,0.757,0.7,0.727,0.8,0.7,0.747,0.8,0.7,0.747,0.8,0.7,0.747,0.8,0.7,0.747,0.8,0.7,0.747
SEIR01_sl1000_mr025_nv10_8,0.815,0.815,0.815,0.88,0.815,0.846,0.88,0.815,0.846,0.88,0.815,0.846,0.88,0.815,0.846,0.88,0.815,0.846
SEIR01_sl1000_mr025_nv10_9,0.816,0.851,0.833,0.844,0.809,0.826,0.86,0.787,0.822,0.86,0.787,0.822,0.854,0.745,0.795,0.854,0.745,0.795
SEIR01_sl1000_mr025_nv20_1,0.886,0.969,0.925,0.909,0.938,0.923,0.909,0.938,0.923,0.909,0.938,0.923,0.909,0.938,0.923,0.909,0.938,0.923
SEIR01_sl1000_mr025_nv20_10,0.667,0.667,0.667,0.857,0.667,0.75,0.857,0.667,0.75,0.857,0.667,0.75,0.857,0.667,0.75,0.857,0.667,0.75
SEIR01_sl1000_mr025_nv20_11,0.8,0.8,0.8,0.8,0.8,0.8,0.8,0.8,0.8,0.8,0.8,0.8,0.8,0.8,0.8,0.8,0.8,0.8
SEIR01_sl1000_mr025_nv20_12,0.889,0.889,0.889,0.889,0.889,0.889,0.941,0.889,0.914,0.941,0.889,0.914,0.941,0.889,0.914,0.941,0.889,0.914
SEIR01_sl1000_mr025_nv20_13,0.862,0.862,0.862,0.877,0.862,0.87,0.893,0.862,0.877,0.926,0.862,0.893,0.942,0.845,0.891,0.942,0.845,0.891
SEIR01_sl1000_mr025_nv20_14,0.846,0.846,0.846,0.846,0.846,0.846,0.846,0.846,0.846,0.846,0.846,0.846,0.917,0.846,0.88,0.917,0.846,0.88
SEIR01_sl1000_mr025_nv20_15,0.957,0.957,0.957,0.957,0.957,0.957,0.955,0.913,0.933,0.955,0.913,0.933,0.955,0.913,0.933,0.955,0.913,0.933
SEIR01_sl1000_mr025_nv20_16,0.556,0.714,0.625,0.556,0.714,0.625,0.556,0.714,0.625,0.556,0.714,0.625,0.556,0.714,0.625,0.556,0.714,0.625
SEIR01_sl1000_mr025_nv20_17,0.84,0.84,0.84,0.84,0.84,0.84,0.84,0.84,0.84,0.833,0.8,0.816,0.833,0.8,0.816,0.833,0.8,0.816
SEIR01_sl1000_mr025_nv20_18,0.885,0.885,0.885,0.885,0.885,0.885,0.885,0.885,0.885,0.885,0.885,0.885,0.885,0.885,0.885,0.885,0.885,0.885
SEIR01_sl1000_mr025_nv20_19,0.943,0.943,0.943,0.943,0.943,0.943,0.943,0.943,0.943,0.943,0.943,0.943,0.943,0.943,0.943,0.943,0.943,0.943
SEIR01_sl1000_mr025_nv20_2,0.907,0.929,0.918,0.905,0.905,0.905,0.905,0.905,0.905,0.905,0.905,0.905,0.905,0.905,0.905,0.905,0.905,0.905
SEIR01_sl1000_mr025_nv20_20,0.897,0.839,0.867,0.897,0.839,0.867,0.897,0.839,0.867,0.897,0.839,0.867,0.897,0.839,0.867,0.889,0.774,0.828
SEIR01_sl1000_mr025_nv20_3,0.864,0.905,0.884,0.864,0.905,0.884,0.864,0.905,0.884,0.864,0.905,0.884,0.864,0.905,0.884,0.864,0.905,0.884
SEIR01_sl1000_mr025_nv20_4,0.75,0.75,0.75,0.75,0.75,0.75,0.75,0.75,0.75,0.75,0.75,0.75,0.75,0.75,0.75,0.75,0.75,0.75
SEIR01_sl1000_mr025_nv20_5,0.848,0.848,0.848,0.848,0.848,0.848,0.848,0.848,0.848,0.848,0.848,0.848,0.848,0.848,0.848,0.848,0.848,0.848
SEIR01_sl1000_mr025_nv20_6,0.917,1,0.957,0.917,1,0.957,0.917,1,0.957,0.917,1,0.957,0.917,1,0.957,0.917,1,0.957
SEIR01_sl1000_mr025_nv20_7,0.824,0.824,0.824,0.824,0.824,0.824,0.824,0.824,0.824,0.875,0.824,0.848,0.875,0.824,0.848,0.875,0.824,0.848
SEIR01_sl1000_mr025_nv20_8,0.6,0.6,0.6,0.6,0.6,0.6,0.6,0.6,0.6,0.6,0.6,0.6,0.6,0.6,0.6,0.6,0.6,0.6
SEIR01_sl1000_mr025_nv20_9,0.917,0.917,0.917,1,0.917,0.957,1,0.917,0.957,1,0.917,0.957,1,0.917,0.957,1,0.917,0.957
SEIR01_sl1000_mr025_nv5_1,0.8,0.683,0.737,0.824,0.683,0.747,0.848,0.683,0.757,0.839,0.634,0.722,0.839,0.634,0.722,0.839,0.634,0.722
SEIR01_sl1000_mr025_nv5_10,0.844,0.818,0.831,0.889,0.727,0.8,0.889,0.727,0.8,0.885,0.697,0.78,0.875,0.636,0.737,0.875,0.636,0.737
SEIR01_sl1000_mr025_nv5_11,0.842,0.842,0.842,0.812,0.684,0.743,0.812,0.684,0.743,0.812,0.684,0.743,0.8,0.632,0.706,0.8,0.632,0.706
SEIR01_sl1000_mr025_nv5_12,0.789,0.789,0.789,0.778,0.737,0.757,0.778,0.737,0.757,0.778,0.737,0.757,0.75,0.632,0.686,0.75,0.632,0.686
SEIR01_sl1000_mr025_nv5_13,0.917,0.917,0.917,0.917,0.917,0.917,0.917,0.917,0.917,0.917,0.917,0.917,0.917,0.917,0.917,0.917,0.917,0.917
SEIR01_sl1000_mr025_nv5_14,0.762,0.8,0.78,0.8,0.8,0.8,0.8,0.8,0.8,0.8,0.8,0.8,0.8,0.8,0.8,0.8,0.8,0.8
SEIR01_sl1000_mr025_nv5_15,0.75,0.778,0.764,0.76,0.704,0.731,0.76,0.704,0.731,0.76,0.704,0.731,0.739,0.63,0.68,0.739,0.63,0.68
SEIR01_sl1000_mr025_nv5_16,0.944,0.944,0.944,0.944,0.944,0.944,0.944,0.944,0.944,0.944,0.944,0.944,0.944,0.944,0.944,0.944,0.944,0.944
SEIR01_sl1000_mr025_nv5_17,0.818,0.818,0.818,0.818,0.818,0.818,0.818,0.818,0.818,0.818,0.818,0.818,0.818,0.818,0.818,0.818,0.818,0.818
SEIR01_sl1000_mr025_nv5_18,0.773,0.723,0.747,0.791,0.723,0.756,0.78,0.681,0.727,0.861,0.66,0.747,0.903,0.596,0.718,0.903,0.596,0.718
SEIR01_sl1000_mr025_nv5_19,0.931,0.931,0.931,0.931,0.931,0.931,0.945,0.897,0.92,0.945,0.897,0.92,0.945,0.897,0.92,0.945,0.897,0.92
SEIR01_sl1000_mr025_nv5_2,0.6,0.562,0.581,0.75,0.562,0.643,0.75,0.562,0.643,0.75,0.562,0.643,0.75,0.562,0.643,0.75,0.562,0.643
SEIR01_sl1000_mr025_nv5_20,0.667,0.667,0.667,0.652,0.625,0.638,0.652,0.625,0.638,0.714,0.625,0.667,0.714,0.625,0.667,0.714,0.625,0.667
SEIR01_sl1000_mr025_nv5_3,0.818,0.9,0.857,0.8,0.8,0.8,0.8,0.8,0.8,0.8,0.8,0.8,0.8,0.8,0.8,0.8,0.8,0.8
SEIR01_sl1000_mr025_nv5_4,0.787,0.74,0.763,0.778,0.7,0.737,0.814,0.7,0.753,0.85,0.68,0.756,0.872,0.68,0.764,0.872,0.68,0.764
SEIR01_sl1000_mr025_nv5_5,0.706,0.706,0.706,0.75,0.647,0.695,0.789,0.588,0.674,0.784,0.569,0.659,0.8,0.549,0.651,0.794,0.529,0.635
SEIR01_sl1000_mr025_nv5_6,0.625,0.625,0.625,0.625,0.625,0.625,0.625,0.625,0.625,0.625,0.625,0.625,0.625,0.625,0.625,0.625,0.625,0.625
SEIR01_sl1000_mr025_nv5_7,0.9,0.9,0.9,0.9,0.9,0.9,0.9,0.9,0.9,0.9,0.9,0.9,0.9,0.9,0.9,0.9,0.9,0.9
SEIR01_sl1000_mr025_nv5_8,0.913,0.913,0.913,0.909,0.87,0.889,0.909,0.87,0.889,0.909,0.87,0.889,0.909,0.87,0.889,0.909,0.87,0.889
SEIR01_sl1000_mr025_nv5_9,0.889,0.889,0.889,0.889,0.889,0.889,0.889,0.889,0.889,0.889,0.889,0.889,0.889,0.889,0.889,0.889,0.889,0.889
SEIR01_sl1000_mr05_nv10_1,0.818,0.692,0.75,0.818,0.692,0.75,0.818,0.692,0.75,0.818,0.692,0.75,0.818,0.692,0.75,0.818,0.692,0.75
SEIR01_sl1000_mr05_nv10_10,0.857,0.857,0.857,0.857,0.857,0.857,0.857,0.857,0.857,0.857,0.857,0.857,0.857,0.857,0.857,0.857,0.857,0.857
SEIR01_sl1000_mr05_nv10_11,0.735,0.781,0.758,0.735,0.781,0.758,0.806,0.781,0.794,0.806,0.781,0.794,0.806,0.781,0.794,0.806,0.781,0.794
SEIR01_sl1000_mr05_nv10_12,0.847,0.862,0.855,0.86,0.845,0.852,0.873,0.828,0.85,0.873,0.828,0.85,0.904,0.81,0.855,0.94,0.81,0.87
SEIR01_sl1000_mr05_nv10_13,0.875,0.875,0.875,0.875,0.875,0.875,0.875,0.875,0.875,0.875,0.875,0.875,0.875,0.875,0.875,0.875,0.875,0.875
SEIR01_sl1000_mr05_nv10_14,0.919,0.872,0.895,0.909,0.769,0.833,0.938,0.769,0.845,0.933,0.718,0.812,0.931,0.692,0.794,0.929,0.667,0.776
SEIR01_sl1000_mr05_nv10_15,0.875,0.875,0.875,0.875,0.875,0.875,0.867,0.812,0.839,0.867,0.812,0.839,0.867,0.812,0.839,0.867,0.812,0.839
SEIR01_sl1000_mr05_nv10_16,0.955,0.955,0.955,0.955,0.955,0.955,0.955,0.955,0.955,0.955,0.955,0.955,0.955,0.955,0.955,0.955,0.955,0.955
SEIR01_sl1000_mr05_nv10_17,0.913,0.955,0.933,0.955,0.955,0.955,0.955,0.955,0.955,0.955,0.955,0.955,0.952,0.909,0.93,0.952,0.909,0.93
SEIR01_sl1000_mr05_nv10_18,0.86,0.875,0.867,0.86,0.875,0.867,0.86,0.875,0.867,0.86,0.875,0.867,0.873,0.857,0.865,0.873,0.857,0.865
SEIR01_sl1000_mr05_nv10_19,0.667,0.571,0.615,0.667,0.571,0.615,0.667,0.571,0.615,0.667,0.571,0.615,0.8,0.571,0.667,0.8,0.571,0.667
SEIR01_sl1000_mr05_nv10_2,0.889,1,0.941,0.889,1,0.941,0.889,1,0.941,0.889,1,0.941,0.889,1,0.941,0.889,1,0.941
SEIR01_sl1000_mr05_nv10_20,0.887,0.904,0.895,0.898,0.846,0.871,0.917,0.846,0.88,0.917,0.846,0.88,0.933,0.808,0.866,0.933,0.808,0.866
SEIR01_sl1000_mr05_nv10_3,0.875,0.84,0.857,0.913,0.84,0.875,0.909,0.8,0.851,0.909,0.8,0.851,0.909,0.8,0.851,0.909,0.8,0.851
SEIR01_sl1000_mr05_nv10_4,0.667,0.727,0.696,0.667,0.727,0.696,0.667,0.727,0.696,0.8,0.727,0.762,0.8,0.727,0.762,0.8,0.727,0.762
SEIR01_sl1000_mr05_nv10_5,0.889,0.889,0.889,0.889,0.889,0.889,0.889,0.889,0.889,0.889,0.889,0.889,0.889,0.889,0.889,0.889,0.889,0.889
SEIR01_sl1000_mr05_nv10_6,0.9,0.9,0.9,0.9,0.9,0.9,0.9,0.9,0.9,0.897,0.875,0.886,0.886,0.775,0.827,0.886,0.775,0.827
SEIR01_sl1000_mr05_nv10_7,0.809,0.826,0.817,0.809,0.826,0.817,0.809,0.826,0.817,0.804,0.804,0.804,0.804,0.804,0.804,0.804,0.804,0.804
SEIR01_sl1000_mr05_nv10_8,0.875,0.875,0.875,0.875,0.875,0.875,0.875,0.875,0.875,0.875,0.875,0.875,0.875,0.875,0.875,0.875,0.875,0.875
SEIR01_sl1000_mr05_nv10_9,0.923,0.923,0.923,0.923,0.923,0.923,0.923,0.923,0.923,0.923,0.923,0.923,0.923,0.923,0.923,0.917,0.846,0.88
SEIR01_sl250_mr025_nv10_1,0.623,0.733,0.673,0.635,0.733,0.68,0.66,0.733,0.695,0.653,0.711,0.681,0.667,0.711,0.688,0.667,0.711,0.688
SEIR01_sl250_mr025_nv10_10,0.737,0.824,0.778,0.737,0.824,0.778,0.737,0.824,0.778,0.737,0.824,0.778,0.737,0.824,0.778,0.737,0.824,0.778
SEIR01_sl250_mr025_nv10_11,0.684,0.812,0.743,0.722,0.812,0.765,0.722,0.812,0.765,0.722,0.812,0.765,0.765,0.812,0.788,0.765,0.812,0.788
SEIR01_sl250_mr025_nv10_12,0.792,0.884,0.835,0.792,0.884,0.835,0.837,0.837,0.837,0.837,0.837,0.837,0.825,0.767,0.795,0.825,0.767,0.795
SEIR01_sl250_mr025_nv10_13,0.429,0.5,0.462,0.429,0.5,0.462,0.5,0.5,0.5,0.5,0.5,0.5,0.5,0.5,0.5,0.5,0.5,0.5
SEIR01_sl250_mr025_nv10_14,0.5,0.522,0.511,0.489,0.5,0.495,0.489,0.5,0.495,0.535,0.5,0.517,0.535,0.5,0.517,0.561,0.5,0.529
SEIR01_sl250_mr025_nv10_15,0.7,1,0.824,0.7,1,0.824,0.7,1,0.824,0.667,0.857,0.75,0.667,0.857,0.75,0.667,0.857,0.75
SEIR01_sl250_mr025_nv10_16,0.5,0.674,0.574,0.5,0.674,0.574,0.5,0.652,0.566,0.483,0.609,0.538,0.483,0.609,0.538,0.483,0.609,0.538
SEIR01_sl250_mr025_nv10_17,0.308,0.5,0.381,0.308,0.5,0.381,0.308,0.5,0.381,0.308,0.5,0.381,0.308,0.5,0.381,0.273,0.375,0.316
SEIR01_sl250_mr025_nv10_18,0.636,0.656,0.646,0.636,0.656,0.646,0.75,0.656,0.7,0.75,0.656,0.7,0.75,0.656,0.7,0.75,0.656,0.7
SEIR01_sl250_mr025_nv10_19,0.714,0.833,0.769,0.714,0.833,0.769,0.714,0.833,0.769,0.714,0.833,0.769,0.714,0.833,0.769,0.714,0.833,0.769
SEIR01_sl250_mr025_nv10_2,0.556,0.714,0.625,0.588,0.714,0.645,0.588,0.714,0.645,0.625,0.714,0.667,0.625,0.714,0.667,0.625,0.714,0.667
SEIR01_sl250_mr025_nv10_20,0.684,0.722,0.703,0.684,0.722,0.703,0.722,0.722,0.722,0.722,0.722,0.722,0.722,0.722,0.722,0.722,0.722,0.722
SEIR01_sl250_mr025_nv10_3,0.667,0.815,0.733,0.667,0.815,0.733,0.667,0.815,0.733,0.667,0.815,0.733,0.667,0.815,0.733,0.645,0.741,0.69
SEIR01_sl250_mr025_nv10_4,0.812,0.929,0.867,0.812,0.929,0.867,0.812,0.929,0.867,0.812,0.929,0.867,0.812,0.929,0.867,0.812,0.929,0.867
SEIR01_sl250_mr025_nv10_5,0.609,0.683,0.644,0.622,0.683,0.651,0.614,0.659,0.635,0.614,0.659,0.635,0.614,0.659,0.635,0.614,0.659,0.635
SEIR01_sl250_mr025_nv10_6,0.577,0.682,0.625,0.577,0.682,0.625,0.577,0.682,0.625,0.577,0.682,0.625,0.56,0.636,0.596,0.56,0.636,0.596
SEIR01_sl250_mr025_nv10_7,0.706,0.857,0.774,0.706,0.857,0.774,0.706,0.857,0.774,0.706,0.857,0.774,0.706,0.857,0.774,0.706,0.857,0.774
SEIR01_sl250_mr025_nv10_8,0.619,0.765,0.684,0.619,0.765,0.684,0.61,0.735,0.667,0.641,0.735,0.685,0.641,0.735,0.685,0.641,0.735,0.685
SEIR01_sl250_mr025_nv10_9,0.694,0.82,0.752,0.706,0.787,0.744,0.723,0.77,0.746,0.746,0.77,0.758,0.758,0.77,0.764,0.758,0.77,0.764
SEIR01_sl500_mr025_nv10_1,0.455,0.5,0.476,0.455,0.5,0.476,0.556,0.5,0.526,0.625,0.5,0.556,0.625,0.5,0.556,0.625,0.5,0.556
SEIR01_sl500_mr025_nv10_10,0.714,0.714,0.714,0.714,0.714,0.714,0.714,0.714,0.714,0.714,0.714,0.714,0.714,0.714,0.714,0.714,0.714,0.714
SEIR01_sl500_mr025_nv10_11,0.737,0.824,0.778,0.737,0.824,0.778,0.737,0.824,0.778,0.737,0.824,0.778,0.737,0.824,0.778,0.737,0.824,0.778
SEIR01_sl500_mr025_nv10_12,0.923,0.941,0.932,0.939,0.902,0.92,0.936,0.863,0.898,0.936,0.863,0.898,0.935,0.843,0.887,0.935,0.843,0.887
SEIR01_sl500_mr025_nv10_13,0.667,0.7,0.683,0.667,0.7,0.683,0.7,0.7,0.7,0.765,0.65,0.703,0.812,0.65,0.722,0.812,0.65,0.722
SEIR01_sl500_mr025_nv10_14,0.714,0.833,0.769,0.714,0.833,0.769,0.714,0.833,0.769,0.714,0.833,0.769,0.714,0.833,0.769,0.714,0.833,0.769
SEIR01_sl500_mr025_nv10_15,0.77,0.81,0.79,0.797,0.81,0.803,0.825,0.81,0.817,0.839,0.81,0.825,0.852,0.793,0.821,0.852,0.793,0.821
SEIR01_sl500_mr025_nv10_16,0.75,0.8,0.774,0.75,0.8,0.774,0.75,0.8,0.774,0.75,0.8,0.774,0.786,0.733,0.759,0.786,0.733,0.759
SEIR01_sl500_mr025_nv10_17,0.429,0.5,0.462,0.333,0.333,0.333,0.333,0.333,0.333,0.4,0.333,0.364,0.4,0.333,0.364,0.4,0.333,0.364
SEIR01_sl500_mr025_nv10_18,0.5,0.5,0.5,0.5,0.5,0.5,0.5,0.5,0.5,0.5,0.5,0.5,0.5,0.5,0.5,0.5,0.5,0.5
SEIR01_sl500_mr025_nv10_19,0.6,0.75,0.667,0.6,0.75,0.667,0.6,0.75,0.667,0.556,0.625,0.588,0.556,0.625,0.588,0.556,0.625,0.588
SEIR01_sl500_mr025_nv10_2,0.625,0.625,0.625,0.571,0.5,0.533,0.571,0.5,0.533,0.571,0.5,0.533,0.571,0.5,0.533,0.571,0.5,0.533
SEIR01_sl500_mr025_nv10_20,0.767,0.719,0.742,0.815,0.688,0.746,0.815,0.688,0.746,0.8,0.625,0.702,0.8,0.625,0.702,0.8,0.625,0.702
SEIR01_sl500_mr025_nv10_3,0.826,0.905,0.864,0.826,0.905,0.864,0.826,0.905,0.864,0.826,0.905,0.864,0.826,0.905,0.864,0.826,0.905,0.864
SEIR01_sl500_mr025_nv10_4,0.625,0.714,0.667,0.625,0.714,0.667,0.714,0.714,0.714,0.714,0.714,0.714,0.714,0.714,0.714,0.714,0.714,0.714
SEIR01_sl500_mr025_nv10_5,0.667,0.8,0.727,0.667,0.8,0.727,0.8,0.8,0.8,0.8,0.8,0.8,0.8,0.8,0.8,0.8,0.8,0.8
SEIR01_sl500_mr025_nv10_6,0.857,0.906,0.881,0.873,0.906,0.889,0.885,0.868,0.876,0.896,0.811,0.851,0.913,0.792,0.848,0.913,0.792,0.848
SEIR01_sl500_mr025_nv10_7,0.8,0.824,0.812,0.818,0.794,0.806,0.818,0.794,0.806,0.818,0.794,0.806,0.818,0.794,0.806,0.818,0.794,0.806
SEIR01_sl500_mr025_nv10_8,0.737,0.875,0.8,0.737,0.875,0.8,0.737,0.875,0.8,0.737,0.875,0.8,0.737,0.875,0.8,0.737,0.875,0.8
SEIR01_sl500_mr025_nv10_9,0.778,0.778,0.778,0.778,0.778,0.778,0.778,0.778,0.778,0.778,0.778,0.778,0.778,0.778,0.778,0.778,0.778,0.778
SIR003_sl1000_mr025_nv10_1,0.714,0.714,0.714,0.769,0.714,0.741,0.769,0.714,0.741,0.818,0.643,0.72,0.818,0.643,0.72,0.818,0.643,0.72
SIR003_sl1000_mr025_nv10_10,0.786,0.846,0.815,0.786,0.846,0.815,0.786,0.846,0.815,0.769,0.769,0.769,0.769,0.769,0.769,0.75,0.692,0.72
SIR003_sl1000_mr025_nv10_11,0.679,0.633,0.655,0.667,0.6,0.632,0.783,0.6,0.679,0.783,0.6,0.679,0.842,0.533,0.653,0.842,0.533,0.653
SIR003_sl1000_mr025_nv10_12,0.837,0.837,0.837,0.867,0.796,0.83,0.905,0.776,0.835,0.925,0.755,0.831,0.949,0.755,0.841,0.949,0.755,0.841
SIR003_sl1000_mr025_nv10_13,0.6,0.545,0.571,0.667,0.545,0.6,0.667,0.364,0.471,0.667,0.364,0.471,0.667,0.364,0.471,0.667,0.364,0.471
SIR003_sl1000_mr025_nv10_14,0.857,0.8,0.828,0.857,0.8,0.828,0.923,0.8,0.857,0.923,0.8,0.857,0.923,0.8,0.857,0.923,0.8,0.857
SIR003_sl1000_mr025_nv10_15,0.667,0.583,0.622,0.7,0.583,0.636,0.7,0.583,0.636,0.7,0.583,0.636,0.722,0.542,0.619,0.722,0.542,0.619
SIR003_sl1000_mr025_nv10_16,0.632,0.706,0.667,0.667,0.706,0.686,0.647,0.647,0.647,0.688,0.647,0.667,0.786,0.647,0.71,0.846,0.647,0.733
SIR003_sl1000_mr025_nv10_17,0.75,0.783,0.766,0.818,0.783,0.8,0.818,0.783,0.8,0.818,0.783,0.8,0.818,0.783,0.8,0.818,0.783,0.8
SIR003_sl1000_mr025_nv10_18,1,1,1,1,1,1,1,1,1,1,1,1,1,1,1,1,1,1
SIR003_sl1000_mr025_nv10_19,0.783,0.75,0.766,0.783,0.75,0.766,0.773,0.708,0.739,0.773,0.708,0.739,0.773,0.708,0.739,0.773,0.708,0.739
SIR003_sl1000_mr025_nv10_2,0.882,0.789,0.833,0.882,0.789,0.833,0.882,0.789,0.833,0.875,0.737,0.8,0.875,0.737,0.8,0.875,0.737,0.8
SIR003_sl1000_mr025_nv10_20,0.667,0.667,0.667,0.75,0.667,0.706,0.75,0.667,0.706,0.75,0.667,0.706,0.75,0.667,0.706,0.75,0.667,0.706
SIR003_sl1000_mr025_nv10_3,1,0.769,0.87,1,0.731,0.844,1,0.731,0.844,1,0.731,0.844,1,0.731,0.844,1,0.731,0.844
SIR003_sl1000_mr025_nv10_4,0.828,0.774,0.8,0.917,0.71,0.8,0.917,0.71,0.8,0.909,0.645,0.755,0.909,0.645,0.755,0.909,0.645,0.755
SIR003_sl1000_mr025_nv10_5,0.857,0.857,0.857,0.857,0.857,0.857,0.857,0.857,0.857,0.857,0.857,0.857,0.833,0.714,0.769,0.833,0.714,0.769
SIR003_sl1000_mr025_nv10_6,0.696,0.696,0.696,0.727,0.696,0.711,0.727,0.696,0.711,0.727,0.696,0.711,0.8,0.696,0.744,0.789,0.652,0.714
SIR003_sl1000_mr025_nv10_7,0.571,0.5,0.533,0.571,0.5,0.533,0.571,0.5,0.533,0.571,0.5,0.533,0.571,0.5,0.533,0.571,0.5,0.533
SIR003_sl1000_mr025_nv10_8,0.867,0.867,0.867,0.867,0.867,0.867,0.867,0.867,0.867,0.867,0.867,0.867,0.867,0.867,0.867,0.867,0.867,0.867
SIR003_sl1000_mr025_nv10_9,0.643,0.643,0.643,0.667,0.643,0.655,0.72,0.643,0.679,0.75,0.643,0.692,0.842,0.571,0.681,0.842,0.571,0.681
SIR003_sl1000_mr05_nv10_1,0.588,0.588,0.588,0.714,0.588,0.645,0.714,0.588,0.645,0.769,0.588,0.667,0.769,0.588,0.667,0.769,0.588,0.667
SIR003_sl1000_mr05_nv10_10,0.846,0.846,0.846,0.846,0.846,0.846,0.846,0.846,0.846,0.846,0.846,0.846,0.846,0.846,0.846,0.846,0.846,0.846
SIR003_sl1000_mr05_nv10_11,0.657,0.657,0.657,0.667,0.629,0.647,0.688,0.629,0.657,0.688,0.629,0.657,0.688,0.629,0.657,0.688,0.629,0.657
SIR003_sl1000_mr05_nv10_12,0.827,0.782,0.804,0.827,0.782,0.804,0.84,0.764,0.8,0.875,0.764,0.816,0.875,0.764,0.816,0.875,0.764,0.816
SIR003_sl1000_mr05_nv10_13,0.827,0.768,0.796,0.82,0.732,0.774,0.837,0.732,0.781,0.87,0.714,0.784,0.889,0.714,0.792,0.889,0.714,0.792
SIR003_sl1000_mr05_nv10_14,1,1,1,1,1,1,1,1,1,1,1,1,1,1,1,1,1,1
SIR003_sl1000_mr05_nv10_15,0.846,0.846,0.846,0.846,0.846,0.846,0.846,0.846,0.846,0.909,0.769,0.833,0.909,0.769,0.833,0.909,0.769,0.833
SIR003_sl1000_mr05_nv10_16,0.769,0.8,0.784,0.792,0.76,0.776,0.792,0.76,0.776,0.826,0.76,0.792,0.826,0.76,0.792,0.826,0.76,0.792
SIR003_sl1000_mr05_nv10_17,0.667,0.429,0.522,0.667,0.429,0.522,0.75,0.429,0.545,0.75,0.429,0.545,0.75,0.429,0.545,0.75,0.429,0.545
SIR003_sl1000_mr05_nv10_18,0.81,0.739,0.773,0.85,0.739,0.791,0.85,0.739,0.791,0.85,0.739,0.791,0.85,0.739,0.791,0.85,0.739,0.791
SIR003_sl1000_mr05_nv10_19,0.711,0.73,0.72,0.743,0.703,0.722,0.743,0.703,0.722,0.743,0.703,0.722,0.743,0.703,0.722,0.743,0.703,0.722
SIR003_sl1000_mr05_nv10_2,0.933,0.933,0.933,0.933,0.933,0.933,0.933,0.933,0.933,0.933,0.933,0.933,0.933,0.933,0.933,0.933,0.933,0.933
SIR003_sl1000_mr05_nv10_20,0.571,0.444,0.5,0.667,0.444,0.533,0.75,0.333,0.462,0.667,0.222,0.333,0.667,0.222,0.333,0.667,0.222,0.333
SIR003_sl1000_mr05_nv10_3,0.8,0.8,0.8,0.8,0.8,0.8,0.875,0.7,0.778,0.875,0.7,0.778,0.875,0.7,0.778,0.875,0.7,0.778
SIR003_sl1000_mr05_nv10_4,0.846,0.846,0.846,0.846,0.846,0.846,0.846,0.846,0.846,0.846,0.846,0.846,0.846,0.846,0.846,0.846,0.846,0.846
SIR003_sl1000_mr05_nv10_5,0.5,0.478,0.489,0.537,0.478,0.506,0.553,0.457,0.5,0.559,0.413,0.475,0.567,0.37,0.447,0.567,0.37,0.447
SIR003_sl1000_mr05_nv10_6,0.591,0.619,0.605,0.65,0.619,0.634,0.684,0.619,0.65,0.684,0.619,0.65,0.684,0.619,0.65,0.812,0.619,0.703
SIR003_sl1000_mr05_nv10_7,0.905,0.826,0.864,0.905,0.826,0.864,0.905,0.826,0.864,0.905,0.826,0.864,0.905,0.826,0.864,0.905,0.826,0.864
SIR003_sl1000_mr05_nv10_8,0.727,0.696,0.711,0.795,0.674,0.729,0.886,0.674,0.765,0.912,0.674,0.775,0.912,0.674,0.775,0.912,0.674,0.775
SIR003_sl1000_mr05_nv10_9,0.727,0.533,0.615,0.762,0.533,0.627,0.737,0.467,0.571,0.765,0.433,0.553,0.867,0.433,0.578,0.867,0.433,0.578
SIR003_sl1000_mr05_nv20_1,0.794,0.771,0.783,0.8,0.686,0.738,0.828,0.686,0.75,0.828,0.686,0.75,0.828,0.686,0.75,0.828,0.686,0.75
SIR003_sl1000_mr05_nv20_10,0.843,0.827,0.835,0.86,0.827,0.843,0.896,0.827,0.86,0.913,0.808,0.857,0.953,0.788,0.863,0.953,0.788,0.863
SIR003_sl1000_mr05_nv20_11,0.667,0.4,0.5,0.667,0.4,0.5,0.667,0.4,0.5,1,0.4,0.571,1,0.4,0.571,1,0.4,0.571
SIR003_sl1000_mr05_nv20_12,0.736,0.709,0.722,0.755,0.673,0.712,0.771,0.673,0.718,0.804,0.673,0.733,0.822,0.673,0.74,0.822,0.673,0.74
SIR003_sl1000_mr05_nv20_13,0.736,0.722,0.729,0.78,0.722,0.75,0.792,0.704,0.745,0.837,0.667,0.742,0.837,0.667,0.742,0.837,0.667,0.742
SIR003_sl1000_mr05_nv20_14,0.9,0.9,0.9,1,0.9,0.947,1,0.9,0.947,1,0.9,0.947,1,0.9,0.947,1,0.9,0.947
SIR003_sl1000_mr05_nv20_15,0.737,0.737,0.737,0.737,0.737,0.737,0.778,0.737,0.757,0.778,0.737,0.757,0.867,0.684,0.765,1,0.684,0.813
SIR003_sl1000_mr05_nv20_16,0.75,0.698,0.723,0.789,0.698,0.741,0.789,0.698,0.741,0.789,0.698,0.741,0.879,0.674,0.763,0.879,0.674,0.763
SIR003_sl1000_mr05_nv20_17,0.733,0.66,0.695,0.733,0.66,0.695,0.744,0.64,0.688,0.8,0.64,0.711,0.8,0.64,0.711,0.8,0.64,0.711
SIR003_sl1000_mr05_nv20_18,0.784,0.763,0.773,0.8,0.737,0.767,0.818,0.711,0.761,0.818,0.711,0.761,0.818,0.711,0.761,0.839,0.684,0.754
SIR003_sl1000_mr05_nv20_19,0.722,0.703,0.712,0.743,0.703,0.722,0.788,0.703,0.743,0.812,0.703,0.754,0.893,0.676,0.769,0.893,0.676,0.769
SIR003_sl1000_mr05_nv20_2,0.773,0.694,0.731,0.791,0.694,0.739,0.791,0.694,0.739,0.825,0.673,0.742,0.825,0.673,0.742,0.821,0.653,0.727
SIR003_sl1000_mr05_nv20_20,0.857,0.857,0.857,0.857,0.857,0.857,0.857,0.857,0.857,0.857,0.857,0.857,0.857,0.857,0.857,0.857,0.857,0.857
SIR003_sl1000_mr05_nv20_3,0.692,0.692,0.692,0.692,0.692,0.692,0.692,0.692,0.692,0.8,0.615,0.696,0.8,0.615,0.696,0.8,0.615,0.696
SIR003_sl1000_mr05_nv20_4,0.875,0.875,0.875,0.9,0.844,0.871,0.9,0.844,0.871,0.9,0.844,0.871,0.926,0.781,0.847,0.926,0.781,0.847
SIR003_sl1000_mr05_nv20_5,0.762,0.667,0.711,0.762,0.667,0.711,0.762,0.667,0.711,0.762,0.667,0.711,0.842,0.667,0.744,0.842,0.667,0.744
SIR003_sl1000_mr05_nv20_6,0.769,0.714,0.741,0.833,0.714,0.769,0.833,0.714,0.769,0.833,0.714,0.769,0.9,0.643,0.75,0.9,0.643,0.75
SIR003_sl1000_mr05_nv20_7,0.727,0.667,0.696,0.7,0.583,0.636,0.7,0.583,0.636,0.7,0.583,0.636,0.7,0.583,0.636,0.7,0.583,0.636
SIR003_sl1000_mr05_nv20_8,0.63,0.63,0.63,0.68,0.63,0.654,0.708,0.63,0.667,0.708,0.63,0.667,0.708,0.63,0.667,0.708,0.63,0.667
SIR003_sl1000_mr05_nv20_9,0.75,0.75,0.75,0.75,0.75,0.75,0.75,0.75,0.75,0.763,0.725,0.744,0.763,0.725,0.744,0.763,0.725,0.744
SIR003_sl1000_mr05_nv5_1,0.722,0.743,0.732,0.714,0.714,0.714,0.714,0.714,0.714,0.793,0.657,0.719,0.793,0.657,0.719,0.793,0.657,0.719
SIR003_sl1000_mr05_nv5_10,0.805,0.805,0.805,0.882,0.732,0.8,0.882,0.732,0.8,0.909,0.732,0.811,0.906,0.707,0.795,0.906,0.707,0.795
SIR003_sl1000_mr05_nv5_11,0.772,0.71,0.739,0.782,0.694,0.735,0.8,0.645,0.714,0.804,0.597,0.685,0.804,0.597,0.685,0.804,0.597,0.685
SIR003_sl1000_mr05_nv5_12,0.833,0.833,0.833,0.833,0.833,0.833,1,0.833,0.909,1,0.833,0.909,1,0.833,0.909,1,0.833,0.909
SIR003_sl1000_mr05_nv5_13,0.833,0.909,0.87,0.833,0.909,0.87,0.833,0.909,0.87,0.833,0.909,0.87,0.833,0.909,0.87,0.833,0.909,0.87
SIR003_sl1000_mr05_nv5_14,0.586,0.586,0.586,0.586,0.586,0.586,0.586,0.586,0.586,0.654,0.586,0.618,0.68,0.586,0.63,0.739,0.586,0.654
SIR003_sl1000_mr05_nv5_15,0.79,0.79,0.79,0.828,0.774,0.8,0.836,0.742,0.786,0.846,0.71,0.772,0.891,0.661,0.759,0.889,0.645,0.748
SIR003_sl1000_mr05_nv5_16,0.667,0.667,0.667,0.667,0.667,0.667,0.667,0.667,0.667,0.667,0.667,0.667,0.667,0.667,0.667,0.667,0.667,0.667
SIR003_sl1000_mr05_nv5_17,0.646,0.646,0.646,0.667,0.625,0.645,0.757,0.583,0.659,0.778,0.583,0.667,0.788,0.542,0.642,0.788,0.542,0.642
SIR003_sl1000_mr05_nv5_18,0.812,0.812,0.812,0.812,0.812,0.812,0.812,0.812,0.812,0.8,0.75,0.774,0.8,0.75,0.774,0.8,0.75,0.774
SIR003_sl1000_mr05_nv5_19,0.559,0.559,0.559,0.613,0.559,0.585,0.63,0.5,0.557,0.68,0.5,0.576,0.68,0.5,0.576,0.68,0.5,0.576
SIR003_sl1000_mr05_nv5_2,0.667,0.667,0.667,0.636,0.583,0.609,0.636,0.583,0.609,0.636,0.583,0.609,0.636,0.583,0.609,0.636,0.583,0.609
SIR003_sl1000_mr05_nv5_20,0.769,0.769,0.769,0.769,0.769,0.769,0.769,0.769,0.769,0.769,0.769,0.769,0.818,0.692,0.75,0.818,0.692,0.75
SIR003_sl1000_mr05_nv5_3,0.625,0.625,0.625,0.625,0.625,0.625,0.714,0.625,0.667,0.714,0.625,0.667,0.714,0.625,0.667,0.714,0.625,0.667
SIR003_sl1000_mr05_nv5_4,0.917,0.786,0.846,0.917,0.786,0.846,0.917,0.786,0.846,1,0.786,0.88,1,0.786,0.88,1,0.786,0.88
SIR003_sl1000_mr05_nv5_5,0.9,0.818,0.857,1,0.727,0.842,1,0.727,0.842,1,0.727,0.842,1,0.636,0.778,1,0.636,0.778
SIR003_sl1000_mr05_nv5_6,0.545,0.545,0.545,0.556,0.455,0.5,0.556,0.455,0.5,0.5,0.273,0.353,0.75,0.273,0.4,0.75,0.273,0.4
SIR003_sl1000_mr05_nv5_7,0.646,0.568,0.604,0.678,0.541,0.602,0.684,0.527,0.595,0.771,0.5,0.607,0.771,0.5,0.607,0.822,0.5,0.622
SIR003_sl1000_mr05_nv5_8,0.579,0.44,0.5,0.625,0.4,0.488,0.667,0.4,0.5,0.714,0.4,0.513,0.714,0.4,0.513,0.769,0.4,0.526
SIR003_sl1000_mr05_nv5_9,0.5,0.542,0.52,0.458,0.458,0.458,0.458,0.458,0.458,0.478,0.458,0.468,0.55,0.458,0.5,0.611,0.458,0.524
SIR003_sl1000_mr1_nv10_1,0.688,0.647,0.667,0.714,0.588,0.645,0.714,0.588,0.645,0.833,0.588,0.69,0.833,0.588,0.69,0.833,0.588,0.69
SIR003_sl1000_mr1_nv10_10,0.5,0.455,0.476,0.556,0.455,0.5,0.556,0.455,0.5,0.556,0.455,0.5,0.556,0.455,0.5,0.625,0.455,0.526
SIR003_sl1000_mr1_nv10_11,0.7,0.7,0.7,0.778,0.7,0.737,0.857,0.6,0.706,0.857,0.6,0.706,0.857,0.6,0.706,0.857,0.6,0.706
SIR003_sl1000_mr1_nv10_12,0.577,0.556,0.566,0.625,0.556,0.588,0.682,0.556,0.612,0.667,0.519,0.583,0.667,0.519,0.583,0.667,0.519,0.583
SIR003_sl1000_mr1_nv10_13,0.167,0.167,0.167,0.167,0.167,0.167,0.167,0.167,0.167,0.167,0.167,0.167,0.167,0.167,0.167,0.167,0.167,0.167
SIR003_sl1000_mr1_nv10_14,0.788,0.722,0.754,0.788,0.722,0.754,0.788,0.722,0.754,0.862,0.694,0.769,0.862,0.694,0.769,0.862,0.694,0.769
SIR003_sl1000_mr1_nv10_15,0.727,0.727,0.727,0.7,0.636,0.667,0.7,0.636,0.667,0.7,0.636,0.667,0.7,0.636,0.667,0.7,0.636,0.667
SIR003_sl1000_mr1_nv10_16,0.647,0.55,0.595,0.733,0.55,0.629,0.714,0.5,0.588,0.769,0.5,0.606,0.769,0.5,0.606,0.769,0.5,0.606
SIR003_sl1000_mr1_nv10_17,0.75,0.75,0.75,0.793,0.719,0.754,0.793,0.719,0.754,0.793,0.719,0.754,0.793,0.719,0.754,0.815,0.688,0.746
SIR003_sl1000_mr1_nv10_18,0.806,0.758,0.781,0.828,0.727,0.774,0.828,0.727,0.774,0.923,0.727,0.814,0.96,0.727,0.828,0.96,0.727,0.828
SIR003_sl1000_mr1_nv10_19,0.667,0.625,0.645,0.684,0.609,0.645,0.76,0.594,0.667,0.771,0.578,0.661,0.804,0.578,0.673,0.804,0.578,0.673
SIR003_sl1000_mr1_nv10_2,0.721,0.698,0.71,0.733,0.698,0.715,0.724,0.667,0.694,0.765,0.619,0.684,0.76,0.603,0.673,0.76,0.603,0.673
SIR003_sl1000_mr1_nv10_20,0.727,0.696,0.711,0.734,0.681,0.707,0.77,0.681,0.723,0.786,0.638,0.704,0.804,0.594,0.683,0.804,0.594,0.683
SIR003_sl1000_mr1_nv10_3,0.826,0.826,0.826,0.826,0.826,0.826,0.826,0.826,0.826,0.818,0.783,0.8,0.8,0.696,0.744,0.8,0.696,0.744
SIR003_sl1000_mr1_nv10_4,0.724,0.724,0.724,0.724,0.724,0.724,0.778,0.724,0.75,0.778,0.724,0.75,0.769,0.69,0.727,0.8,0.69,0.741
SIR003_sl1000_mr1_nv10_5,0.625,0.556,0.588,0.625,0.556,0.588,0.833,0.556,0.667,0.833,0.556,0.667,0.833,0.556,0.667,1,0.556,0.714
SIR003_sl1000_mr1_nv10_6,0.846,0.733,0.786,0.826,0.633,0.717,0.95,0.633,0.76,0.95,0.633,0.76,0.95,0.633,0.76,0.95,0.633,0.76
SIR003_sl1000_mr1_nv10_7,0.75,0.75,0.75,0.833,0.625,0.714,0.833,0.625,0.714,0.833,0.625,0.714,0.833,0.625,0.714,0.833,0.625,0.714
SIR003_sl1000_mr1_nv10_8,0.758,0.714,0.735,0.806,0.714,0.758,0.806,0.714,0.758,0.893,0.714,0.794,0.893,0.714,0.794,0.926,0.714,0.806
SIR003_sl1000_mr1_nv10_9,0.857,0.667,0.75,0.857,0.667,0.75,0.857,0.667,0.75,1,0.667,0.8,1,0.667,0.8,1,0.667,0.8
SIR003_sl250_mr05_nv10_1,0.556,0.625,0.588,0.571,0.625,0.597,0.588,0.625,0.606,0.581,0.562,0.571,0.581,0.562,0.571,0.63,0.531,0.576
SIR003_sl250_mr05_nv10_10,0.5,0.579,0.537,0.55,0.579,0.564,0.55,0.579,0.564,0.55,0.579,0.564,0.55,0.579,0.564,0.611,0.579,0.595
SIR003_sl250_mr05_nv10_11,0.308,0.333,0.32,0.308,0.333,0.32,0.444,0.333,0.381,0.375,0.25,0.3,0.429,0.25,0.316,0.429,0.25,0.316
SIR003_sl250_mr05_nv10_12,0.583,0.538,0.56,0.583,0.538,0.56,0.636,0.538,0.583,0.636,0.538,0.583,0.636,0.538,0.583,0.636,0.538,0.583
SIR003_sl250_mr05_nv10_13,0.333,0.286,0.308,0.5,0.143,0.222,0.5,0.143,0.222,0.5,0.143,0.222,0.5,0.143,0.222,0.5,0.143,0.222
SIR003_sl250_mr05_nv10_14,0.75,0.75,0.75,0.75,0.75,0.75,0.75,0.75,0.75,0.75,0.75,0.75,0.75,0.75,0.75,0.75,0.75,0.75
SIR003_sl250_mr05_nv10_15,0.875,0.875,0.875,0.875,0.875,0.875,0.875,0.875,0.875,0.875,0.875,0.875,0.875,0.875,0.875,0.875,0.875,0.875
SIR003_sl250_mr05_nv10_16,0.6,0.545,0.571,0.6,0.545,0.571,0.6,0.545,0.571,0.6,0.545,0.571,0.667,0.545,0.6,0.667,0.545,0.6
SIR003_sl250_mr05_nv10_17,0.583,0.622,0.602,0.622,0.622,0.622,0.659,0.6,0.628,0.659,0.6,0.628,0.692,0.6,0.643,0.692,0.6,0.643
SIR003_sl250_mr05_nv10_18,0.68,0.63,0.654,0.68,0.63,0.654,0.708,0.63,0.667,0.714,0.556,0.625,0.714,0.556,0.625,0.75,0.556,0.638
SIR003_sl250_mr05_nv10_19,0.267,0.32,0.291,0.267,0.32,0.291,0.286,0.32,0.302,0.296,0.32,0.308,0.292,0.28,0.286,0.292,0.28,0.286
SIR003_sl250_mr05_nv10_2,0.714,0.714,0.714,0.714,0.714,0.714,0.75,0.643,0.692,0.75,0.643,0.692,0.75,0.643,0.692,0.75,0.643,0.692
SIR003_sl250_mr05_nv10_20,0.587,0.659,0.621,0.587,0.659,0.621,0.59,0.561,0.575,0.583,0.512,0.545,0.583,0.512,0.545,0.583,0.512,0.545
SIR003_sl250_mr05_nv10_3,0.85,0.773,0.81,0.85,0.773,0.81,0.85,0.773,0.81,0.85,0.773,0.81,0.842,0.727,0.78,0.842,0.727,0.78
SIR003_sl250_mr05_nv10_4,0.769,0.833,0.8,0.769,0.833,0.8,0.769,0.833,0.8,0.769,0.833,0.8,0.769,0.833,0.8,0.769,0.833,0.8
SIR003_sl250_mr05_nv10_5,0.696,0.727,0.711,0.696,0.727,0.711,0.696,0.727,0.711,0.762,0.727,0.744,0.8,0.727,0.762,0.8,0.727,0.762
SIR003_sl250_mr05_nv10_6,0.719,0.697,0.708,0.767,0.697,0.73,0.759,0.667,0.71,0.759,0.667,0.71,0.846,0.667,0.746,0.846,0.667,0.746
SIR003_sl250_mr05_nv10_7,0.453,0.522,0.485,0.471,0.522,0.495,0.471,0.522,0.495,0.49,0.522,0.505,0.5,0.522,0.511,0.5,0.522,0.511
SIR003_sl250_mr05_nv10_8,0.556,0.588,0.571,0.588,0.588,0.588,0.588,0.588,0.588,0.667,0.588,0.625,0.667,0.588,0.625,0.667,0.588,0.625
SIR003_sl250_mr05_nv10_9,0.364,0.444,0.4,0.429,0.333,0.375,0.5,0.333,0.4,0.5,0.333,0.4,0.5,0.333,0.4,0.5,0.333,0.4
SIR003_sl500_mr05_nv10_1,0.857,0.857,0.857,0.857,0.857,0.857,0.833,0.714,0.769,0.833,0.714,0.769,0.833,0.714,0.769,0.833,0.714,0.769
SIR003_sl500_mr05_nv10_10,0.629,0.564,0.595,0.645,0.513,0.571,0.696,0.41,0.516,0.789,0.385,0.517,0.824,0.359,0.5,0.824,0.359,0.5
SIR003_sl500_mr05_nv10_11,0.833,0.833,0.833,0.833,0.833,0.833,0.833,0.833,0.833,0.833,0.833,0.833,0.833,0.833,0.833,0.833,0.833,0.833
SIR003_sl500_mr05_nv10_12,0.63,0.654,0.642,0.63,0.654,0.642,0.773,0.654,0.708,0.85,0.654,0.739,0.85,0.654,0.739,0.842,0.615,0.711
SIR003_sl500_mr05_nv10_13,0.721,0.646,0.681,0.775,0.646,0.705,0.775,0.646,0.705,0.811,0.625,0.706,0.879,0.604,0.716,0.879,0.604,0.716
SIR003_sl500_mr05_nv10_14,0.733,0.667,0.698,0.733,0.667,0.698,0.75,0.636,0.689,0.769,0.606,0.678,0.8,0.606,0.69,0.8,0.606,0.69
SIR003_sl500_mr05_nv10_15,0.842,0.842,0.842,0.842,0.842,0.842,0.842,0.842,0.842,0.889,0.842,0.865,0.889,0.842,0.865,0.889,0.842,0.865
SIR003_sl500_mr05_nv10_16,0.5,0.583,0.538,0.5,0.583,0.538,0.538,0.583,0.56,0.5,0.5,0.5,0.5,0.5,0.5,0.5,0.417,0.455
SIR003_sl500_mr05_nv10_17,0.636,0.7,0.667,0.636,0.7,0.667,0.636,0.7,0.667,0.636,0.7,0.667,0.636,0.7,0.667,0.636,0.7,0.667
SIR003_sl500_mr05_nv10_18,0.846,0.846,0.846,0.846,0.846,0.846,0.846,0.846,0.846,0.846,0.846,0.846,0.846,0.846,0.846,0.846,0.846,0.846
SIR003_sl500_mr05_nv10_19,0.684,0.65,0.667,0.66,0.583,0.619,0.654,0.567,0.607,0.654,0.567,0.607,0.654,0.567,0.607,0.66,0.55,0.6
SIR003_sl500_mr05_nv10_2,0.788,0.765,0.776,0.812,0.765,0.788,0.812,0.765,0.788,0.812,0.765,0.788,0.812,0.765,0.788,0.812,0.765,0.788
SIR003_sl500_mr05_nv10_20,0.625,0.625,0.625,0.625,0.625,0.625,0.625,0.625,0.625,0.625,0.625,0.625,0.667,0.5,0.571,0.667,0.5,0.571
SIR003_sl500_mr05_nv10_3,0.759,0.759,0.759,0.759,0.759,0.759,0.759,0.759,0.759,0.759,0.759,0.759,0.759,0.759,0.759,0.808,0.724,0.764
SIR003_sl500_mr05_nv10_4,0.727,0.615,0.667,0.727,0.615,0.667,0.75,0.577,0.652,0.789,0.577,0.667,0.789,0.577,0.667,0.789,0.577,0.667
SIR003_sl500_mr05_nv10_5,0.9,0.9,0.9,0.9,0.9,0.9,0.9,0.9,0.9,0.9,0.9,0.9,0.9,0.9,0.9,0.9,0.9,0.9
SIR003_sl500_mr05_nv10_6,0.8,0.762,0.78,0.824,0.667,0.737,0.824,0.667,0.737,0.875,0.667,0.757,0.875,0.667,0.757,0.875,0.667,0.757
SIR003_sl500_mr05_nv10_7,0.667,0.778,0.718,0.667,0.778,0.718,0.667,0.778,0.718,0.667,0.778,0.718,0.667,0.778,0.718,0.667,0.778,0.718
SIR003_sl500_mr05_nv10_8,0.8,0.8,0.8,0.786,0.733,0.759,0.786,0.733,0.759,0.75,0.6,0.667,0.75,0.6,0.667,0.75,0.6,0.667
SIR003_sl500_mr05_nv10_9,0.857,0.857,0.857,0.857,0.857,0.857,0.857,0.857,0.857,0.857,0.857,0.857,0.857,0.857,0.857,0.857,0.857,0.857
SIR01_sl1000_mr075_nv10_1,0.825,0.825,0.825,0.821,0.807,0.814,0.852,0.807,0.829,0.882,0.789,0.833,0.898,0.772,0.83,0.898,0.772,0.83
SIR01_sl1000_mr075_nv10_10,0.75,0.75,0.75,0.75,0.75,0.75,0.75,0.75,0.75,0.833,0.625,0.714,0.833,0.625,0.714,0.833,0.625,0.714
SIR01_sl1000_mr075_nv10_11,1,1,1,1,1,1,1,1,1,1,1,1,1,1,1,1,1,1
SIR01_sl1000_mr075_nv10_12,0.893,0.833,0.862,0.893,0.833,0.862,0.926,0.833,0.877,0.926,0.833,0.877,0.926,0.833,0.877,0.926,0.833,0.877
SIR01_sl1000_mr075_nv10_13,0.643,0.643,0.643,0.643,0.643,0.643,0.75,0.643,0.692,0.818,0.643,0.72,0.778,0.5,0.609,0.778,0.5,0.609
SIR01_sl1000_mr075_nv10_14,0.571,0.571,0.571,0.571,0.571,0.571,0.571,0.571,0.571,0.571,0.571,0.571,0.571,0.571,0.571,0.571,0.571,0.571
SIR01_sl1000_mr075_nv10_15,0.833,0.833,0.833,0.833,0.833,0.833,0.833,0.833,0.833,0.833,0.833,0.833,0.833,0.833,0.833,0.833,0.833,0.833
SIR01_sl1000_mr075_nv10_16,0.944,0.944,0.944,0.941,0.889,0.914,0.941,0.889,0.914,0.941,0.889,0.914,0.941,0.889,0.914,0.941,0.889,0.914
SIR01_sl1000_mr075_nv10_17,0.754,0.648,0.697,0.772,0.62,0.688,0.778,0.592,0.672,0.816,0.563,0.667,0.816,0.563,0.667,0.816,0.563,0.667
SIR01_sl1000_mr075_nv10_18,0.818,0.818,0.818,0.818,0.818,0.818,0.9,0.818,0.857,0.9,0.818,0.857,0.9,0.818,0.857,0.9,0.818,0.857
SIR01_sl1000_mr075_nv10_19,0.556,0.455,0.5,0.556,0.455,0.5,0.8,0.364,0.5,0.75,0.273,0.4,0.75,0.273,0.4,0.75,0.273,0.4
SIR01_sl1000_mr075_nv10_2,0.6,0.545,0.571,0.667,0.545,0.6,0.667,0.545,0.6,0.857,0.545,0.667,1,0.545,0.706,1,0.545,0.706
SIR01_sl1000_mr075_nv10_20,0.655,0.633,0.644,0.679,0.633,0.655,0.857,0.6,0.706,0.857,0.6,0.706,0.857,0.6,0.706,0.857,0.6,0.706
SIR01_sl1000_mr075_nv10_3,0.545,0.545,0.545,0.545,0.545,0.545,0.545,0.545,0.545,0.571,0.364,0.444,0.667,0.364,0.471,0.667,0.364,0.471
SIR01_sl1000_mr075_nv10_4,0.769,0.789,0.779,0.789,0.789,0.789,0.789,0.789,0.789,0.778,0.737,0.757,0.771,0.711,0.74,0.771,0.711,0.74
SIR01_sl1000_mr075_nv10_5,0.797,0.734,0.764,0.87,0.734,0.797,0.87,0.734,0.797,0.902,0.719,0.8,0.939,0.719,0.814,0.958,0.719,0.821
SIR01_sl1000_mr075_nv10_6,0.75,0.75,0.75,0.75,0.75,0.75,0.75,0.75,0.75,0.75,0.75,0.75,0.75,0.75,0.75,0.75,0.75,0.75
SIR01_sl1000_mr075_nv10_7,0.875,0.875,0.875,0.87,0.833,0.851,0.95,0.792,0.864,0.95,0.792,0.864,0.95,0.792,0.864,0.95,0.792,0.864
SIR01_sl1000_mr075_nv10_8,0.769,0.625,0.69,0.833,0.625,0.714,0.818,0.562,0.667,0.818,0.562,0.667,0.818,0.562,0.667,0.818,0.562,0.667
SIR01_sl1000_mr075_nv10_9,0.692,0.667,0.679,0.75,0.667,0.706,0.739,0.63,0.68,0.85,0.63,0.723,0.85,0.63,0.723,0.895,0.63,0.739
SIR01_sl1000_mr15_nv10_10,0.767,0.719,0.742,0.852,0.719,0.78,0.846,0.688,0.759,0.84,0.656,0.737,0.875,0.656,0.75,0.875,0.656,0.75
SIR01_sl1000_mr15_nv10_11,0.778,0.583,0.667,0.778,0.583,0.667,0.875,0.583,0.7,0.875,0.583,0.7,0.875,0.583,0.7,0.875,0.583,0.7
SIR01_sl1000_mr15_nv10_12,0.75,0.75,0.75,0.818,0.75,0.783,0.818,0.75,0.783,0.81,0.708,0.756,0.81,0.708,0.756,0.833,0.625,0.714
SIR01_sl1000_mr15_nv10_14,1,1,1,1,1,1,1,1,1,1,1,1,1,1,1,1,1,1
SIR01_sl1000_mr15_nv10_15,0.556,0.526,0.541,0.594,0.5,0.543,0.667,0.474,0.554,0.692,0.474,0.562,0.692,0.474,0.562,0.692,0.474,0.562
SIR01_sl1000_mr15_nv10_16,0.857,0.857,0.857,0.857,0.857,0.857,0.857,0.857,0.857,0.857,0.857,0.857,0.857,0.857,0.857,0.857,0.857,0.857
SIR01_sl1000_mr15_nv10_17,0.889,0.8,0.842,0.941,0.8,0.865,0.938,0.75,0.833,1,0.75,0.857,1,0.75,0.857,1,0.75,0.857
SIR01_sl1000_mr15_nv10_18,0.721,0.71,0.715,0.762,0.696,0.727,0.776,0.652,0.709,0.818,0.652,0.726,0.846,0.638,0.727,0.898,0.638,0.746
SIR01_sl1000_mr15_nv10_19,0.889,0.889,0.889,0.889,0.889,0.889,0.889,0.889,0.889,0.889,0.889,0.889,0.889,0.889,0.889,0.889,0.889,0.889
SIR01_sl1000_mr15_nv10_20,0.778,0.778,0.778,0.778,0.778,0.778,0.778,0.778,0.778,0.778,0.778,0.778,0.778,0.778,0.778,0.778,0.778,0.778
SIR01_sl1000_mr15_nv10_3,0.839,0.797,0.817,0.852,0.78,0.814,0.849,0.763,0.804,0.882,0.763,0.818,0.898,0.746,0.815,0.898,0.746,0.815
SIR01_sl1000_mr15_nv10_5,0.9,0.9,0.9,0.9,0.9,0.9,0.9,0.9,0.9,1,0.8,0.889,1,0.8,0.889,1,0.8,0.889
SIR01_sl1000_mr15_nv10_6,1,1,1,1,1,1,1,1,1,1,1,1,1,1,1,1,1,1
SIR01_sl1000_mr15_nv10_7,0.844,0.76,0.8,0.841,0.74,0.787,0.857,0.72,0.783,0.846,0.66,0.742,0.846,0.66,0.742,0.842,0.64,0.727
SIR01_sl1000_mr15_nv10_8,0.8,0.8,0.8,0.8,0.8,0.8,0.8,0.8,0.8,1,0.6,0.75,1,0.6,0.75,1,0.6,0.75
SIR01_sl1000_mr15_nv10_9,0.667,0.667,0.667,0.667,0.667,0.667,0.737,0.667,0.7,0.737,0.667,0.7,0.737,0.667,0.7,0.737,0.667,0.7
SIR01_sl1000_mr15_nv20_1,0.793,0.719,0.754,0.852,0.719,0.78,0.846,0.688,0.759,0.846,0.688,0.759,0.909,0.625,0.741,0.909,0.625,0.741
SIR01_sl1000_mr15_nv20_10,0.769,0.769,0.769,0.769,0.769,0.769,0.769,0.769,0.769,1,0.692,0.818,1,0.692,0.818,1,0.692,0.818
SIR01_sl1000_mr15_nv20_11,0.833,0.847,0.84,0.857,0.814,0.835,0.873,0.814,0.842,0.87,0.797,0.832,0.87,0.797,0.832,0.87,0.797,0.832
SIR01_sl1000_mr15_nv20_12,0.75,0.6,0.667,0.75,0.6,0.667,0.75,0.6,0.667,0.75,0.6,0.667,0.889,0.533,0.667,0.889,0.533,0.667
SIR01_sl1000_mr15_nv20_13,0.833,0.833,0.833,0.833,0.833,0.833,0.833,0.833,0.833,0.833,0.833,0.833,0.833,0.833,0.833,0.833,0.833,0.833
SIR01_sl1000_mr15_nv20_14,0.4,0.4,0.4,0.4,0.4,0.4,0.4,0.4,0.4,0.4,0.4,0.4,0.4,0.4,0.4,0.4,0.4,0.4
SIR01_sl1000_mr15_nv20_15,0.429,0.429,0.429,0.429,0.429,0.429,0.429,0.429,0.429,0.455,0.357,0.4,0.455,0.357,0.4,0.455,0.357,0.4
SIR01_sl1000_mr15_nv20_16,0.9,0.857,0.878,0.9,0.857,0.878,0.9,0.857,0.878,0.947,0.857,0.9,0.947,0.857,0.9,0.947,0.857,0.9
SIR01_sl1000_mr15_nv20_17,0.714,0.714,0.714,0.714,0.714,0.714,0.714,0.714,0.714,0.714,0.714,0.714,0.714,0.714,0.714,0.714,0.714,0.714
SIR01_sl1000_mr15_nv20_18,0.9,0.9,0.9,0.9,0.9,0.9,0.9,0.9,0.9,0.9,0.9,0.9,0.963,0.867,0.912,0.963,0.867,0.912
SIR01_sl1000_mr15_nv20_19,0.957,0.882,0.918,0.957,0.882,0.918,0.956,0.843,0.896,0.956,0.843,0.896,0.956,0.843,0.896,0.956,0.843,0.896
SIR01_sl1000_mr15_nv20_2,0.6,0.6,0.6,0.6,0.6,0.6,0.714,0.5,0.588,0.8,0.4,0.533,0.8,0.4,0.533,0.8,0.4,0.533
SIR01_sl1000_mr15_nv20_20,0.786,0.786,0.786,0.786,0.786,0.786,0.786,0.786,0.786,0.786,0.786,0.786,0.786,0.786,0.786,0.786,0.786,0.786
SIR01_sl1000_mr15_nv20_3,0.8,0.8,0.8,0.8,0.8,0.8,0.75,0.6,0.667,0.75,0.6,0.667,1,0.4,0.571,1,0.4,0.571
SIR01_sl1000_mr15_nv20_4,0.797,0.739,0.767,0.831,0.71,0.766,0.845,0.71,0.772,0.875,0.71,0.784,0.875,0.71,0.784,0.875,0.71,0.784
SIR01_sl1000_mr15_nv20_5,0.7,0.7,0.7,0.7,0.7,0.7,0.7,0.7,0.7,0.7,0.7,0.7,0.7,0.7,0.7,0.75,0.6,0.667
SIR01_sl1000_mr15_nv20_6,0.778,0.875,0.824,0.875,0.875,0.875,0.875,0.875,0.875,0.875,0.875,0.875,0.875,0.875,0.875,0.875,0.875,0.875
SIR01_sl1000_mr15_nv20_7,0.821,0.821,0.821,0.821,0.821,0.821,0.808,0.75,0.778,0.875,0.75,0.808,0.875,0.75,0.808,0.875,0.75,0.808
SIR01_sl1000_mr15_nv20_8,0.848,0.812,0.83,0.864,0.792,0.826,0.881,0.771,0.822,0.881,0.771,0.822,0.9,0.75,0.818,0.9,0.75,0.818
SIR01_sl1000_mr15_nv20_9,0.783,0.692,0.735,0.818,0.692,0.75,0.818,0.692,0.75,0.895,0.654,0.756,0.895,0.654,0.756,0.895,0.654,0.756
SIR01_sl1000_mr15_nv5_1,0.75,0.643,0.692,0.75,0.643,0.692,0.739,0.607,0.667,0.727,0.571,0.64,0.789,0.536,0.638,0.789,0.536,0.638
SIR01_sl1000_mr15_nv5_10,0.727,0.727,0.727,0.727,0.727,0.727,0.889,0.727,0.8,0.889,0.727,0.8,1,0.727,0.842,1,0.727,0.842
SIR01_sl1000_mr15_nv5_11,0.667,0.667,0.667,0.667,0.667,0.667,0.667,0.667,0.667,0.667,0.667,0.667,0.714,0.556,0.625,0.714,0.556,0.625
SIR01_sl1000_mr15_nv5_12,0.565,0.565,0.565,0.591,0.565,0.578,0.571,0.522,0.545,0.647,0.478,0.55,0.647,0.478,0.55,0.647,0.478,0.55
SIR01_sl1000_mr15_nv5_13,0.812,0.812,0.812,0.812,0.812,0.812,0.812,0.812,0.812,0.812,0.812,0.812,0.812,0.812,0.812,0.812,0.812,0.812
SIR01_sl1000_mr15_nv5_14,0.773,0.773,0.773,0.778,0.636,0.7,0.75,0.545,0.632,0.8,0.545,0.649,0.846,0.5,0.629,0.846,0.5,0.629
SIR01_sl1000_mr15_nv5_15,0.778,0.778,0.778,0.762,0.711,0.736,0.756,0.689,0.721,0.75,0.667,0.706,0.769,0.667,0.714,0.784,0.644,0.707
SIR01_sl1000_mr15_nv5_16,0.444,0.444,0.444,0.444,0.444,0.444,0.444,0.444,0.444,0.571,0.444,0.5,0.75,0.333,0.462,0.75,0.333,0.462
SIR01_sl1000_mr15_nv5_17,0.875,0.875,0.875,0.875,0.875,0.875,0.875,0.875,0.875,0.875,0.875,0.875,0.875,0.875,0.875,0.875,0.875,0.875
SIR01_sl1000_mr15_nv5_18,0.778,0.778,0.778,0.857,0.667,0.75,0.857,0.667,0.75,0.857,0.667,0.75,1,0.667,0.8,1,0.667,0.8
SIR01_sl1000_mr15_nv5_19,0.619,0.619,0.619,0.632,0.571,0.6,0.632,0.571,0.6,0.647,0.524,0.579,0.647,0.524,0.579,0.667,0.476,0.556
SIR01_sl1000_mr15_nv5_2,0.636,0.6,0.618,0.7,0.6,0.646,0.679,0.543,0.603,0.708,0.486,0.576,0.773,0.486,0.596,0.773,0.486,0.596
SIR01_sl1000_mr15_nv5_20,0.786,0.647,0.71,0.846,0.647,0.733,0.846,0.647,0.733,0.909,0.588,0.714,0.909,0.588,0.714,0.909,0.588,0.714
SIR01_sl1000_mr15_nv5_3,0.625,0.556,0.588,0.625,0.556,0.588,0.571,0.444,0.5,0.667,0.444,0.533,0.75,0.333,0.462,0.75,0.333,0.462
SIR01_sl1000_mr15_nv5_4,0.619,0.52,0.565,0.667,0.48,0.558,0.667,0.48,0.558,0.692,0.36,0.474,0.692,0.36,0.474,0.667,0.32,0.432
SIR01_sl1000_mr15_nv5_5,0.727,0.727,0.727,0.727,0.727,0.727,0.727,0.727,0.727,0.778,0.636,0.7,0.778,0.636,0.7,0.778,0.636,0.7
SIR01_sl1000_mr15_nv5_6,0.706,0.522,0.6,0.75,0.522,0.615,0.8,0.522,0.632,0.917,0.478,0.629,0.917,0.478,0.629,0.917,0.478,0.629
SIR01_sl1000_mr15_nv5_7,0.571,0.5,0.533,0.8,0.5,0.615,1,0.5,0.667,1,0.375,0.545,1,0.375,0.545,1,0.375,0.545
SIR01_sl1000_mr15_nv5_8,0.375,0.375,0.375,0.375,0.375,0.375,0.5,0.375,0.429,0.6,0.375,0.462,0.6,0.375,0.462,0.6,0.375,0.462
SIR01_sl1000_mr15_nv5_9,0.65,0.553,0.598,0.703,0.553,0.619,0.703,0.553,0.619,0.722,0.553,0.627,0.788,0.553,0.65,0.806,0.532,0.641
SIR01_sl1000_mr3_nv10_1,0.828,0.8,0.814,0.84,0.7,0.764,0.84,0.7,0.764,0.84,0.7,0.764,0.913,0.7,0.792,0.913,0.7,0.792
SIR01_sl1000_mr3_nv10_10,1,0.778,0.875,1,0.778,0.875,1,0.667,0.8,1,0.667,0.8,1,0.667,0.8,1,0.667,0.8
SIR01_sl1000_mr3_nv10_11,0.769,0.702,0.734,0.812,0.684,0.743,0.905,0.667,0.768,0.925,0.649,0.763,0.923,0.632,0.75,0.947,0.632,0.758
SIR01_sl1000_mr3_nv10_12,0.71,0.647,0.677,0.759,0.647,0.698,0.786,0.647,0.71,0.815,0.647,0.721,0.815,0.647,0.721,0.815,0.647,0.721
SIR01_sl1000_mr3_nv10_13,0.8,0.667,0.727,0.793,0.639,0.708,0.815,0.611,0.698,0.875,0.583,0.7,0.87,0.556,0.678,0.87,0.556,0.678
SIR01_sl1000_mr3_nv10_14,0.857,0.857,0.857,0.857,0.857,0.857,0.852,0.821,0.836,0.885,0.821,0.852,0.885,0.821,0.852,0.885,0.821,0.852
SIR01_sl1000_mr3_nv10_15,0.667,0.667,0.667,0.8,0.444,0.571,0.8,0.444,0.571,0.8,0.444,0.571,0.8,0.444,0.571,0.75,0.333,0.462
SIR01_sl1000_mr3_nv10_16,0.833,0.781,0.806,0.852,0.719,0.78,0.852,0.719,0.78,0.88,0.688,0.772,0.88,0.688,0.772,0.88,0.688,0.772
SIR01_sl1000_mr3_nv10_17,0.8,0.8,0.8,0.8,0.8,0.8,0.8,0.8,0.8,0.8,0.8,0.8,0.8,0.8,0.8,0.8,0.8,0.8
SIR01_sl1000_mr3_nv10_18,0.783,0.75,0.766,0.783,0.75,0.766,0.818,0.75,0.783,0.857,0.75,0.8,0.857,0.75,0.8,0.895,0.708,0.791
SIR01_sl1000_mr3_nv10_19,0.65,0.433,0.52,0.706,0.4,0.511,0.8,0.4,0.533,0.923,0.4,0.558,0.923,0.4,0.558,0.923,0.4,0.558
SIR01_sl1000_mr3_nv10_2,0.778,0.778,0.778,0.778,0.778,0.778,0.778,0.778,0.778,0.778,0.778,0.778,0.778,0.778,0.778,0.778,0.778,0.778
SIR01_sl1000_mr3_nv10_20,0.667,0.667,0.667,0.667,0.667,0.667,0.8,0.667,0.727,0.8,0.667,0.727,0.8,0.667,0.727,0.8,0.667,0.727
SIR01_sl1000_mr3_nv10_3,0.7,0.7,0.7,0.778,0.7,0.737,0.765,0.65,0.703,0.765,0.65,0.703,0.765,0.65,0.703,0.765,0.65,0.703
SIR01_sl1000_mr3_nv10_4,0.917,0.917,0.917,0.917,0.917,0.917,0.917,0.917,0.917,0.917,0.917,0.917,0.917,0.917,0.917,0.9,0.75,0.818
SIR01_sl1000_mr3_nv10_5,0.741,0.714,0.727,0.741,0.714,0.727,0.769,0.714,0.741,0.75,0.643,0.692,0.783,0.643,0.706,0.783,0.643,0.706
SIR01_sl1000_mr3_nv10_6,0.653,0.593,0.621,0.674,0.574,0.62,0.714,0.556,0.625,0.718,0.519,0.602,0.718,0.519,0.602,0.718,0.519,0.602
SIR01_sl1000_mr3_nv10_7,0.714,0.652,0.682,0.812,0.565,0.667,0.812,0.565,0.667,0.812,0.565,0.667,0.8,0.522,0.632,0.8,0.522,0.632
SIR01_sl1000_mr3_nv10_8,0.857,0.6,0.706,0.857,0.6,0.706,0.857,0.6,0.706,0.857,0.6,0.706,1,0.6,0.75,1,0.6,0.75
SIR01_sl1000_mr3_nv10_9,0.857,0.621,0.72,0.857,0.621,0.72,0.895,0.586,0.708,0.944,0.586,0.723,1,0.552,0.711,1,0.552,0.711
SIR01_sl250_mr15_nv10_1,0.625,0.588,0.606,0.625,0.588,0.606,0.667,0.588,0.625,0.714,0.588,0.645,0.714,0.588,0.645,0.75,0.529,0.621
SIR01_sl250_mr15_nv10_10,0.5,0.536,0.517,0.508,0.536,0.522,0.536,0.536,0.536,0.566,0.536,0.55,0.625,0.536,0.577,0.625,0.536,0.577
SIR01_sl250_mr15_nv10_11,0.462,0.5,0.48,0.522,0.5,0.511,0.571,0.5,0.533,0.6,0.5,0.545,0.6,0.5,0.545,0.6,0.5,0.545
SIR01_sl250_mr15_nv10_12,0.5,0.632,0.558,0.579,0.579,0.579,0.579,0.579,0.579,0.579,0.579,0.579,0.579,0.579,0.579,0.579,0.579,0.579
SIR01_sl250_mr15_nv10_13,0.462,0.462,0.462,0.5,0.462,0.48,0.667,0.462,0.545,0.667,0.462,0.545,0.667,0.462,0.545,0.667,0.462,0.545
SIR01_sl250_mr15_nv10_14,0.35,0.467,0.4,0.35,0.467,0.4,0.35,0.467,0.4,0.316,0.4,0.353,0.353,0.4,0.375,0.353,0.4,0.375
SIR01_sl250_mr15_nv10_15,0.6,0.375,0.462,0.75,0.375,0.5,0.75,0.375,0.5,0.75,0.375,0.5,0.667,0.25,0.364,0.667,0.25,0.364
SIR01_sl250_mr15_nv10_16,0.538,0.609,0.571,0.583,0.609,0.596,0.609,0.609,0.609,0.609,0.609,0.609,0.636,0.609,0.622,0.619,0.565,0.591
SIR01_sl250_mr15_nv10_17,0.857,0.857,0.857,0.857,0.857,0.857,0.857,0.857,0.857,0.857,0.857,0.857,0.857,0.857,0.857,0.857,0.857,0.857
SIR01_sl250_mr15_nv10_18,0.5,0.65,0.565,0.5,0.65,0.565,0.48,0.6,0.533,0.545,0.6,0.571,0.579,0.55,0.564,0.579,0.55,0.564
SIR01_sl250_mr15_nv10_19,0.75,0.857,0.8,0.75,0.857,0.8,0.75,0.857,0.8,0.75,0.857,0.8,0.75,0.857,0.8,0.75,0.857,0.8
SIR01_sl250_mr15_nv10_2,0.545,0.667,0.6,0.545,0.667,0.6,0.545,0.667,0.6,0.545,0.667,0.6,0.667,0.667,0.667,0.667,0.667,0.667
SIR01_sl250_mr15_nv10_20,0.375,0.429,0.4,0.429,0.429,0.429,0.429,0.429,0.429,0.429,0.429,0.429,0.429,0.429,0.429,0.429,0.429,0.429
SIR01_sl250_mr15_nv10_3,0.714,0.714,0.714,0.714,0.714,0.714,0.714,0.714,0.714,0.714,0.714,0.714,0.714,0.714,0.714,0.8,0.571,0.667
SIR01_sl250_mr15_nv10_4,0.462,0.5,0.48,0.462,0.5,0.48,0.462,0.5,0.48,0.462,0.5,0.48,0.545,0.5,0.522,0.545,0.5,0.522
SIR01_sl250_mr15_nv10_5,0.8,0.889,0.842,0.8,0.889,0.842,0.8,0.889,0.842,0.8,0.889,0.842,0.8,0.889,0.842,0.8,0.889,0.842
SIR01_sl250_mr15_nv10_6,0.468,0.512,0.489,0.462,0.419,0.439,0.462,0.419,0.439,0.474,0.419,0.444,0.486,0.395,0.436,0.5,0.372,0.427
SIR01_sl250_mr15_nv10_7,0.634,0.634,0.634,0.735,0.61,0.667,0.806,0.61,0.694,0.8,0.585,0.676,0.8,0.585,0.676,0.8,0.585,0.676
SIR01_sl250_mr15_nv10_8,0.75,0.667,0.706,0.75,0.667,0.706,0.667,0.444,0.533,0.667,0.444,0.533,0.667,0.444,0.533,0.667,0.444,0.533
SIR01_sl250_mr15_nv10_9,0.556,0.5,0.526,0.5,0.4,0.444,0.571,0.4,0.471,0.571,0.4,0.471,0.571,0.4,0.471,0.571,0.4,0.471
SIR01_sl500_mr15_nv10_1,0.5,0.4,0.444,0.5,0.4,0.444,0.5,0.4,0.444,1,0.4,0.571,1,0.4,0.571,1,0.4,0.571
SIR01_sl500_mr15_nv10_10,0.538,0.538,0.538,0.538,0.538,0.538,0.538,0.538,0.538,0.545,0.462,0.5,0.545,0.462,0.5,0.545,0.462,0.5
SIR01_sl500_mr15_nv10_11,0.667,0.588,0.625,0.75,0.529,0.621,0.9,0.529,0.667,0.9,0.529,0.667,0.9,0.529,0.667,0.9,0.529,0.667
SIR01_sl500_mr15_nv10_12,0.667,0.667,0.667,0.667,0.667,0.667,0.6,0.5,0.545,0.6,0.5,0.545,0.6,0.5,0.545,0.6,0.5,0.545
SIR01_sl500_mr15_nv10_13,0.571,0.571,0.571,0.667,0.571,0.615,0.667,0.571,0.615,0.667,0.571,0.615,0.667,0.571,0.615,0.667,0.571,0.615
SIR01_sl500_mr15_nv10_14,0.611,0.564,0.587,0.667,0.564,0.611,0.677,0.538,0.6,0.778,0.538,0.636,0.778,0.538,0.636,0.778,0.538,0.636
SIR01_sl500_mr15_nv10_15,0.545,0.6,0.571,0.581,0.6,0.59,0.581,0.6,0.59,0.581,0.6,0.59,0.581,0.6,0.59,0.581,0.6,0.59
SIR01_sl500_mr15_nv10_16,0.8,0.8,0.8,0.8,0.8,0.8,0.8,0.8,0.8,0.8,0.8,0.8,0.8,0.8,0.8,0.8,0.8,0.8
SIR01_sl500_mr15_nv10_17,0.769,0.769,0.769,0.75,0.692,0.72,0.75,0.692,0.72,0.75,0.692,0.72,0.75,0.692,0.72,0.75,0.692,0.72
SIR01_sl500_mr15_nv10_18,0.583,0.56,0.571,0.609,0.56,0.583,0.667,0.56,0.609,0.737,0.56,0.636,0.737,0.56,0.636,0.737,0.56,0.636
SIR01_sl500_mr15_nv10_19,0.72,0.667,0.692,0.75,0.667,0.706,0.818,0.667,0.735,0.833,0.556,0.667,0.833,0.556,0.667,0.833,0.556,0.667
SIR01_sl500_mr15_nv10_2,0.727,0.762,0.744,0.714,0.714,0.714,0.714,0.714,0.714,0.714,0.714,0.714,0.714,0.714,0.714,0.737,0.667,0.7
SIR01_sl500_mr15_nv10_20,0.833,0.8,0.816,0.833,0.8,0.816,0.9,0.72,0.8,0.9,0.72,0.8,0.9,0.72,0.8,0.9,0.72,0.8
SIR01_sl500_mr15_nv10_3,0.75,0.789,0.769,0.75,0.789,0.769,0.75,0.789,0.769,0.75,0.789,0.769,0.765,0.684,0.722,0.8,0.632,0.706
SIR01_sl500_mr15_nv10_4,0.792,0.776,0.784,0.837,0.735,0.783,0.854,0.714,0.778,0.914,0.653,0.762,0.914,0.653,0.762,0.914,0.653,0.762
SIR01_sl500_mr15_nv10_5,0.72,0.692,0.706,0.783,0.692,0.735,0.829,0.654,0.731,0.838,0.596,0.697,0.838,0.596,0.697,0.838,0.596,0.697
SIR01_sl500_mr15_nv10_6,0.935,1,0.967,0.933,0.966,0.949,0.933,0.966,0.949,0.933,0.966,0.949,0.933,0.966,0.949,0.933,0.966,0.949
SIR01_sl500_mr15_nv10_7,0.778,1,0.875,0.778,1,0.875,0.75,0.857,0.8,0.75,0.857,0.8,0.75,0.857,0.8,0.75,0.857,0.8
SIR01_sl500_mr15_nv10_8,0.571,0.5,0.533,0.571,0.5,0.533,0.5,0.375,0.429,0.5,0.375,0.429,0.75,0.375,0.5,0.75,0.375,0.5
SIR01_sl500_mr15_nv10_9,0.61,0.632,0.621,0.686,0.614,0.648,0.739,0.596,0.66,0.727,0.561,0.634,0.762,0.561,0.646,0.762,0.561,0.646
,0.727642086330937,0.737124100719425,0.729841726618706,0.742489208633094,0.721365107913669,0.728176258992807,0.756717625899281,0.70604856115108,0.725737410071944,0.771442446043167,0.686658273381296,0.720228417266188,0.781595323741009,0.673426258992807,0.716017985611511,0.78606474820144,0.667742805755396,0.714381294964029
